[
{
  "model": "auth.permission",
  "pk": 1,
  "fields": {
    "name": "Can add log entry",
    "content_type": 1,
    "codename": "add_logentry"
  }
},
{
  "model": "auth.permission",
  "pk": 2,
  "fields": {
    "name": "Can change log entry",
    "content_type": 1,
    "codename": "change_logentry"
  }
},
{
  "model": "auth.permission",
  "pk": 3,
  "fields": {
    "name": "Can delete log entry",
    "content_type": 1,
    "codename": "delete_logentry"
  }
},
{
  "model": "auth.permission",
  "pk": 4,
  "fields": {
    "name": "Can view log entry",
    "content_type": 1,
    "codename": "view_logentry"
  }
},
{
  "model": "auth.permission",
  "pk": 5,
  "fields": {
    "name": "Can add permission",
    "content_type": 2,
    "codename": "add_permission"
  }
},
{
  "model": "auth.permission",
  "pk": 6,
  "fields": {
    "name": "Can change permission",
    "content_type": 2,
    "codename": "change_permission"
  }
},
{
  "model": "auth.permission",
  "pk": 7,
  "fields": {
    "name": "Can delete permission",
    "content_type": 2,
    "codename": "delete_permission"
  }
},
{
  "model": "auth.permission",
  "pk": 8,
  "fields": {
    "name": "Can view permission",
    "content_type": 2,
    "codename": "view_permission"
  }
},
{
  "model": "auth.permission",
  "pk": 9,
  "fields": {
    "name": "Can add group",
    "content_type": 3,
    "codename": "add_group"
  }
},
{
  "model": "auth.permission",
  "pk": 10,
  "fields": {
    "name": "Can change group",
    "content_type": 3,
    "codename": "change_group"
  }
},
{
  "model": "auth.permission",
  "pk": 11,
  "fields": {
    "name": "Can delete group",
    "content_type": 3,
    "codename": "delete_group"
  }
},
{
  "model": "auth.permission",
  "pk": 12,
  "fields": {
    "name": "Can view group",
    "content_type": 3,
    "codename": "view_group"
  }
},
{
  "model": "auth.permission",
  "pk": 13,
  "fields": {
    "name": "Can add content type",
    "content_type": 4,
    "codename": "add_contenttype"
  }
},
{
  "model": "auth.permission",
  "pk": 14,
  "fields": {
    "name": "Can change content type",
    "content_type": 4,
    "codename": "change_contenttype"
  }
},
{
  "model": "auth.permission",
  "pk": 15,
  "fields": {
    "name": "Can delete content type",
    "content_type": 4,
    "codename": "delete_contenttype"
  }
},
{
  "model": "auth.permission",
  "pk": 16,
  "fields": {
    "name": "Can view content type",
    "content_type": 4,
    "codename": "view_contenttype"
  }
},
{
  "model": "auth.permission",
  "pk": 17,
  "fields": {
    "name": "Can add session",
    "content_type": 5,
    "codename": "add_session"
  }
},
{
  "model": "auth.permission",
  "pk": 18,
  "fields": {
    "name": "Can change session",
    "content_type": 5,
    "codename": "change_session"
  }
},
{
  "model": "auth.permission",
  "pk": 19,
  "fields": {
    "name": "Can delete session",
    "content_type": 5,
    "codename": "delete_session"
  }
},
{
  "model": "auth.permission",
  "pk": 20,
  "fields": {
    "name": "Can view session",
    "content_type": 5,
    "codename": "view_session"
  }
},
{
  "model": "auth.permission",
  "pk": 21,
  "fields": {
    "name": "Can view Acceso del usuario",
    "content_type": 6,
    "codename": "view_accessusers"
  }
},
{
  "model": "auth.permission",
  "pk": 22,
  "fields": {
    "name": "Can delete Acceso del usuario",
    "content_type": 6,
    "codename": "delete_accessusers"
  }
},
{
  "model": "auth.permission",
  "pk": 23,
  "fields": {
    "name": "Can view Dashboard",
    "content_type": 7,
    "codename": "view_dashboard"
  }
},
{
  "model": "auth.permission",
  "pk": 24,
  "fields": {
    "name": "Can view Respaldos de BD",
    "content_type": 8,
    "codename": "view_databasebackups"
  }
},
{
  "model": "auth.permission",
  "pk": 25,
  "fields": {
    "name": "Can add Respaldos de BD",
    "content_type": 8,
    "codename": "add_databasebackups"
  }
},
{
  "model": "auth.permission",
  "pk": 26,
  "fields": {
    "name": "Can delete Respaldos de BD",
    "content_type": 8,
    "codename": "delete_databasebackups"
  }
},
{
  "model": "auth.permission",
  "pk": 27,
  "fields": {
    "name": "Can add Tipo de Módulo",
    "content_type": 9,
    "codename": "add_moduletype"
  }
},
{
  "model": "auth.permission",
  "pk": 28,
  "fields": {
    "name": "Can change Tipo de Módulo",
    "content_type": 9,
    "codename": "change_moduletype"
  }
},
{
  "model": "auth.permission",
  "pk": 29,
  "fields": {
    "name": "Can delete Tipo de Módulo",
    "content_type": 9,
    "codename": "delete_moduletype"
  }
},
{
  "model": "auth.permission",
  "pk": 30,
  "fields": {
    "name": "Can view Tipo de Módulo",
    "content_type": 9,
    "codename": "view_moduletype"
  }
},
{
  "model": "auth.permission",
  "pk": 31,
  "fields": {
    "name": "Can add Módulo",
    "content_type": 10,
    "codename": "add_module"
  }
},
{
  "model": "auth.permission",
  "pk": 32,
  "fields": {
    "name": "Can change Módulo",
    "content_type": 10,
    "codename": "change_module"
  }
},
{
  "model": "auth.permission",
  "pk": 33,
  "fields": {
    "name": "Can delete Módulo",
    "content_type": 10,
    "codename": "delete_module"
  }
},
{
  "model": "auth.permission",
  "pk": 34,
  "fields": {
    "name": "Can view Módulo",
    "content_type": 10,
    "codename": "view_module"
  }
},
{
  "model": "auth.permission",
  "pk": 35,
  "fields": {
    "name": "Can add user",
    "content_type": 13,
    "codename": "add_user"
  }
},
{
  "model": "auth.permission",
  "pk": 36,
  "fields": {
    "name": "Can change user",
    "content_type": 13,
    "codename": "change_user"
  }
},
{
  "model": "auth.permission",
  "pk": 37,
  "fields": {
    "name": "Can delete user",
    "content_type": 13,
    "codename": "delete_user"
  }
},
{
  "model": "auth.permission",
  "pk": 38,
  "fields": {
    "name": "Can view user",
    "content_type": 13,
    "codename": "view_user"
  }
},
{
  "model": "auth.permission",
  "pk": 39,
  "fields": {
    "name": "Can add Categoria",
    "content_type": 14,
    "codename": "add_category"
  }
},
{
  "model": "auth.permission",
  "pk": 40,
  "fields": {
    "name": "Can change Categoria",
    "content_type": 14,
    "codename": "change_category"
  }
},
{
  "model": "auth.permission",
  "pk": 41,
  "fields": {
    "name": "Can delete Categoria",
    "content_type": 14,
    "codename": "delete_category"
  }
},
{
  "model": "auth.permission",
  "pk": 42,
  "fields": {
    "name": "Can view Categoria",
    "content_type": 14,
    "codename": "view_category"
  }
},
{
  "model": "auth.permission",
  "pk": 43,
  "fields": {
    "name": "Can add Cliente",
    "content_type": 15,
    "codename": "add_client"
  }
},
{
  "model": "auth.permission",
  "pk": 44,
  "fields": {
    "name": "Can change Cliente",
    "content_type": 15,
    "codename": "change_client"
  }
},
{
  "model": "auth.permission",
  "pk": 45,
  "fields": {
    "name": "Can delete Cliente",
    "content_type": 15,
    "codename": "delete_client"
  }
},
{
  "model": "auth.permission",
  "pk": 46,
  "fields": {
    "name": "Can view Cliente",
    "content_type": 15,
    "codename": "view_client"
  }
},
{
  "model": "auth.permission",
  "pk": 47,
  "fields": {
    "name": "Can view Company",
    "content_type": 16,
    "codename": "view_company"
  }
},
{
  "model": "auth.permission",
  "pk": 48,
  "fields": {
    "name": "Can view Cuentas por cobrar",
    "content_type": 17,
    "codename": "view_ctascollect"
  }
},
{
  "model": "auth.permission",
  "pk": 49,
  "fields": {
    "name": "Can add Cuentas por cobrar",
    "content_type": 17,
    "codename": "add_ctascollect"
  }
},
{
  "model": "auth.permission",
  "pk": 50,
  "fields": {
    "name": "Can delete Cuentas por cobrar",
    "content_type": 17,
    "codename": "delete_ctascollect"
  }
},
{
  "model": "auth.permission",
  "pk": 51,
  "fields": {
    "name": "Can view Cuentas por pagar",
    "content_type": 18,
    "codename": "view_debtspay"
  }
},
{
  "model": "auth.permission",
  "pk": 52,
  "fields": {
    "name": "Can add Cuentas por pagar",
    "content_type": 18,
    "codename": "add_debtspay"
  }
},
{
  "model": "auth.permission",
  "pk": 53,
  "fields": {
    "name": "Can delete Cuentas por pagar",
    "content_type": 18,
    "codename": "delete_debtspay"
  }
},
{
  "model": "auth.permission",
  "pk": 54,
  "fields": {
    "name": "Can view Devoluciones",
    "content_type": 19,
    "codename": "view_devolution"
  }
},
{
  "model": "auth.permission",
  "pk": 55,
  "fields": {
    "name": "Can add Devoluciones",
    "content_type": 19,
    "codename": "add_devolution"
  }
},
{
  "model": "auth.permission",
  "pk": 56,
  "fields": {
    "name": "Can delete Devoluciones",
    "content_type": 19,
    "codename": "delete_devolution"
  }
},
{
  "model": "auth.permission",
  "pk": 57,
  "fields": {
    "name": "Can add Gasto",
    "content_type": 20,
    "codename": "add_expenses"
  }
},
{
  "model": "auth.permission",
  "pk": 58,
  "fields": {
    "name": "Can change Gasto",
    "content_type": 20,
    "codename": "change_expenses"
  }
},
{
  "model": "auth.permission",
  "pk": 59,
  "fields": {
    "name": "Can delete Gasto",
    "content_type": 20,
    "codename": "delete_expenses"
  }
},
{
  "model": "auth.permission",
  "pk": 60,
  "fields": {
    "name": "Can view Gasto",
    "content_type": 20,
    "codename": "view_expenses"
  }
},
{
  "model": "auth.permission",
  "pk": 61,
  "fields": {
    "name": "Can add Producto",
    "content_type": 23,
    "codename": "add_product"
  }
},
{
  "model": "auth.permission",
  "pk": 62,
  "fields": {
    "name": "Can change Producto",
    "content_type": 23,
    "codename": "change_product"
  }
},
{
  "model": "auth.permission",
  "pk": 63,
  "fields": {
    "name": "Can delete Producto",
    "content_type": 23,
    "codename": "delete_product"
  }
},
{
  "model": "auth.permission",
  "pk": 64,
  "fields": {
    "name": "Can view Producto",
    "content_type": 23,
    "codename": "view_product"
  }
},
{
  "model": "auth.permission",
  "pk": 65,
  "fields": {
    "name": "Can add Promoción",
    "content_type": 24,
    "codename": "add_promotions"
  }
},
{
  "model": "auth.permission",
  "pk": 66,
  "fields": {
    "name": "Can change Promoción",
    "content_type": 24,
    "codename": "change_promotions"
  }
},
{
  "model": "auth.permission",
  "pk": 67,
  "fields": {
    "name": "Can delete Promoción",
    "content_type": 24,
    "codename": "delete_promotions"
  }
},
{
  "model": "auth.permission",
  "pk": 68,
  "fields": {
    "name": "Can view Promoción",
    "content_type": 24,
    "codename": "view_promotions"
  }
},
{
  "model": "auth.permission",
  "pk": 69,
  "fields": {
    "name": "Can add Detalle Promoción",
    "content_type": 25,
    "codename": "add_promotionsdetail"
  }
},
{
  "model": "auth.permission",
  "pk": 70,
  "fields": {
    "name": "Can change Detalle Promoción",
    "content_type": 25,
    "codename": "change_promotionsdetail"
  }
},
{
  "model": "auth.permission",
  "pk": 71,
  "fields": {
    "name": "Can delete Detalle Promoción",
    "content_type": 25,
    "codename": "delete_promotionsdetail"
  }
},
{
  "model": "auth.permission",
  "pk": 72,
  "fields": {
    "name": "Can view Detalle Promoción",
    "content_type": 25,
    "codename": "view_promotionsdetail"
  }
},
{
  "model": "auth.permission",
  "pk": 73,
  "fields": {
    "name": "Can add Proveedor",
    "content_type": 26,
    "codename": "add_provider"
  }
},
{
  "model": "auth.permission",
  "pk": 74,
  "fields": {
    "name": "Can change Proveedor",
    "content_type": 26,
    "codename": "change_provider"
  }
},
{
  "model": "auth.permission",
  "pk": 75,
  "fields": {
    "name": "Can delete Proveedor",
    "content_type": 26,
    "codename": "delete_provider"
  }
},
{
  "model": "auth.permission",
  "pk": 76,
  "fields": {
    "name": "Can view Proveedor",
    "content_type": 26,
    "codename": "view_provider"
  }
},
{
  "model": "auth.permission",
  "pk": 77,
  "fields": {
    "name": "Can view Compras",
    "content_type": 27,
    "codename": "view_purchase"
  }
},
{
  "model": "auth.permission",
  "pk": 78,
  "fields": {
    "name": "Can add Compras",
    "content_type": 27,
    "codename": "add_purchase"
  }
},
{
  "model": "auth.permission",
  "pk": 79,
  "fields": {
    "name": "Can delete Compras",
    "content_type": 27,
    "codename": "delete_purchase"
  }
},
{
  "model": "auth.permission",
  "pk": 80,
  "fields": {
    "name": "Can add Detalle de Compra",
    "content_type": 28,
    "codename": "add_purchasedetail"
  }
},
{
  "model": "auth.permission",
  "pk": 81,
  "fields": {
    "name": "Can change Detalle de Compra",
    "content_type": 28,
    "codename": "change_purchasedetail"
  }
},
{
  "model": "auth.permission",
  "pk": 82,
  "fields": {
    "name": "Can delete Detalle de Compra",
    "content_type": 28,
    "codename": "delete_purchasedetail"
  }
},
{
  "model": "auth.permission",
  "pk": 83,
  "fields": {
    "name": "Can view Detalle de Compra",
    "content_type": 28,
    "codename": "view_purchasedetail"
  }
},
{
  "model": "auth.permission",
  "pk": 84,
  "fields": {
    "name": "Can view Ventas",
    "content_type": 29,
    "codename": "view_sale"
  }
},
{
  "model": "auth.permission",
  "pk": 85,
  "fields": {
    "name": "Can add Ventas",
    "content_type": 29,
    "codename": "add_sale"
  }
},
{
  "model": "auth.permission",
  "pk": 86,
  "fields": {
    "name": "Can delete Ventas",
    "content_type": 29,
    "codename": "delete_sale"
  }
},
{
  "model": "auth.permission",
  "pk": 87,
  "fields": {
    "name": "Can add Tipo de Gasto",
    "content_type": 30,
    "codename": "add_typeexpense"
  }
},
{
  "model": "auth.permission",
  "pk": 88,
  "fields": {
    "name": "Can change Tipo de Gasto",
    "content_type": 30,
    "codename": "change_typeexpense"
  }
},
{
  "model": "auth.permission",
  "pk": 89,
  "fields": {
    "name": "Can delete Tipo de Gasto",
    "content_type": 30,
    "codename": "delete_typeexpense"
  }
},
{
  "model": "auth.permission",
  "pk": 90,
  "fields": {
    "name": "Can view Tipo de Gasto",
    "content_type": 30,
    "codename": "view_typeexpense"
  }
},
{
  "model": "auth.permission",
  "pk": 91,
  "fields": {
    "name": "Can add Sucursal",
    "content_type": 32,
    "codename": "add_sucursal"
  }
},
{
  "model": "auth.permission",
  "pk": 92,
  "fields": {
    "name": "Can change Sucursal",
    "content_type": 32,
    "codename": "change_sucursal"
  }
},
{
  "model": "auth.permission",
  "pk": 93,
  "fields": {
    "name": "Can delete Sucursal",
    "content_type": 32,
    "codename": "delete_sucursal"
  }
},
{
  "model": "auth.permission",
  "pk": 94,
  "fields": {
    "name": "Can view Sucursal",
    "content_type": 32,
    "codename": "view_sucursal"
  }
},
{
  "model": "auth.permission",
  "pk": 95,
  "fields": {
    "name": "Can add Modelo",
    "content_type": 33,
    "codename": "add_exemplar"
  }
},
{
  "model": "auth.permission",
  "pk": 96,
  "fields": {
    "name": "Can change Modelo",
    "content_type": 33,
    "codename": "change_exemplar"
  }
},
{
  "model": "auth.permission",
  "pk": 97,
  "fields": {
    "name": "Can delete Modelo",
    "content_type": 33,
    "codename": "delete_exemplar"
  }
},
{
  "model": "auth.permission",
  "pk": 98,
  "fields": {
    "name": "Can view Modelo",
    "content_type": 33,
    "codename": "view_exemplar"
  }
},
{
  "model": "auth.permission",
  "pk": 99,
  "fields": {
    "name": "Can add Marca",
    "content_type": 34,
    "codename": "add_brand"
  }
},
{
  "model": "auth.permission",
  "pk": 100,
  "fields": {
    "name": "Can change Marca",
    "content_type": 34,
    "codename": "change_brand"
  }
},
{
  "model": "auth.permission",
  "pk": 101,
  "fields": {
    "name": "Can delete Marca",
    "content_type": 34,
    "codename": "delete_brand"
  }
},
{
  "model": "auth.permission",
  "pk": 102,
  "fields": {
    "name": "Can view Marca",
    "content_type": 34,
    "codename": "view_brand"
  }
},
{
  "model": "auth.group",
  "pk": 1,
  "fields": {
    "name": "Administrador",
    "permissions": [
      9,
      10,
      11,
      12,
      99,
      100,
      101,
      102,
      39,
      40,
      41,
      42,
      43,
      44,
      45,
      46,
      49,
      50,
      48,
      52,
      53,
      51,
      55,
      56,
      54,
      95,
      96,
      97,
      98,
      57,
      58,
      59,
      60,
      61,
      62,
      63,
      64,
      65,
      66,
      67,
      68,
      73,
      74,
      75,
      76,
      78,
      79,
      77,
      85,
      86,
      84,
      91,
      92,
      93,
      94,
      87,
      88,
      89,
      90,
      22,
      21,
      25,
      26,
      24,
      31,
      32,
      33,
      34,
      27,
      28,
      29,
      30,
      35,
      36,
      37,
      38
    ]
  }
},
{
  "model": "auth.group",
  "pk": 2,
  "fields": {
    "name": "Cliente",
    "permissions": []
  }
},
{
  "model": "contenttypes.contenttype",
  "pk": 1,
  "fields": {
    "app_label": "admin",
    "model": "logentry"
  }
},
{
  "model": "contenttypes.contenttype",
  "pk": 2,
  "fields": {
    "app_label": "auth",
    "model": "permission"
  }
},
{
  "model": "contenttypes.contenttype",
  "pk": 3,
  "fields": {
    "app_label": "auth",
    "model": "group"
  }
},
{
  "model": "contenttypes.contenttype",
  "pk": 4,
  "fields": {
    "app_label": "contenttypes",
    "model": "contenttype"
  }
},
{
  "model": "contenttypes.contenttype",
  "pk": 5,
  "fields": {
    "app_label": "sessions",
    "model": "session"
  }
},
{
  "model": "contenttypes.contenttype",
  "pk": 6,
  "fields": {
    "app_label": "security",
    "model": "accessusers"
  }
},
{
  "model": "contenttypes.contenttype",
  "pk": 7,
  "fields": {
    "app_label": "security",
    "model": "dashboard"
  }
},
{
  "model": "contenttypes.contenttype",
  "pk": 8,
  "fields": {
    "app_label": "security",
    "model": "databasebackups"
  }
},
{
  "model": "contenttypes.contenttype",
  "pk": 9,
  "fields": {
    "app_label": "security",
    "model": "moduletype"
  }
},
{
  "model": "contenttypes.contenttype",
  "pk": 10,
  "fields": {
    "app_label": "security",
    "model": "module"
  }
},
{
  "model": "contenttypes.contenttype",
  "pk": 11,
  "fields": {
    "app_label": "security",
    "model": "grouppermission"
  }
},
{
  "model": "contenttypes.contenttype",
  "pk": 12,
  "fields": {
    "app_label": "security",
    "model": "groupmodule"
  }
},
{
  "model": "contenttypes.contenttype",
  "pk": 13,
  "fields": {
    "app_label": "user",
    "model": "user"
  }
},
{
  "model": "contenttypes.contenttype",
  "pk": 14,
  "fields": {
    "app_label": "pos",
    "model": "category"
  }
},
{
  "model": "contenttypes.contenttype",
  "pk": 15,
  "fields": {
    "app_label": "pos",
    "model": "client"
  }
},
{
  "model": "contenttypes.contenttype",
  "pk": 16,
  "fields": {
    "app_label": "pos",
    "model": "company"
  }
},
{
  "model": "contenttypes.contenttype",
  "pk": 17,
  "fields": {
    "app_label": "pos",
    "model": "ctascollect"
  }
},
{
  "model": "contenttypes.contenttype",
  "pk": 18,
  "fields": {
    "app_label": "pos",
    "model": "debtspay"
  }
},
{
  "model": "contenttypes.contenttype",
  "pk": 19,
  "fields": {
    "app_label": "pos",
    "model": "devolution"
  }
},
{
  "model": "contenttypes.contenttype",
  "pk": 20,
  "fields": {
    "app_label": "pos",
    "model": "expenses"
  }
},
{
  "model": "contenttypes.contenttype",
  "pk": 21,
  "fields": {
    "app_label": "pos",
    "model": "paymentsctacollect"
  }
},
{
  "model": "contenttypes.contenttype",
  "pk": 22,
  "fields": {
    "app_label": "pos",
    "model": "paymentsdebtspay"
  }
},
{
  "model": "contenttypes.contenttype",
  "pk": 23,
  "fields": {
    "app_label": "pos",
    "model": "product"
  }
},
{
  "model": "contenttypes.contenttype",
  "pk": 24,
  "fields": {
    "app_label": "pos",
    "model": "promotions"
  }
},
{
  "model": "contenttypes.contenttype",
  "pk": 25,
  "fields": {
    "app_label": "pos",
    "model": "promotionsdetail"
  }
},
{
  "model": "contenttypes.contenttype",
  "pk": 26,
  "fields": {
    "app_label": "pos",
    "model": "provider"
  }
},
{
  "model": "contenttypes.contenttype",
  "pk": 27,
  "fields": {
    "app_label": "pos",
    "model": "purchase"
  }
},
{
  "model": "contenttypes.contenttype",
  "pk": 28,
  "fields": {
    "app_label": "pos",
    "model": "purchasedetail"
  }
},
{
  "model": "contenttypes.contenttype",
  "pk": 29,
  "fields": {
    "app_label": "pos",
    "model": "sale"
  }
},
{
  "model": "contenttypes.contenttype",
  "pk": 30,
  "fields": {
    "app_label": "pos",
    "model": "typeexpense"
  }
},
{
  "model": "contenttypes.contenttype",
  "pk": 31,
  "fields": {
    "app_label": "pos",
    "model": "saledetail"
  }
},
{
  "model": "contenttypes.contenttype",
  "pk": 32,
  "fields": {
    "app_label": "pos",
    "model": "sucursal"
  }
},
{
  "model": "contenttypes.contenttype",
  "pk": 33,
  "fields": {
    "app_label": "pos",
    "model": "exemplar"
  }
},
{
  "model": "contenttypes.contenttype",
  "pk": 34,
  "fields": {
    "app_label": "pos",
    "model": "brand"
  }
},
{
  "model": "sessions.session",
  "pk": "f10di363bge8r0daaldu496mh4xvid0w",
  "fields": {
    "session_data": ".eJxtks1OFEEQx2GXRQQXEtSjyagXSbB3Z5b9uomGEENIjDzApKa7Z6dhvjLdTbIHEj1oJOkb5YP4DL6YNTNASKRv9dX1_1XVt97vk-5K867wneuHYE0SWi2rUAl0qz663Qe-CPiFzCmwJ84hXxSMF7mpVMTqFHYb1ey0EDL9eJe78-CDBHSC7kMg4oNg5M_F3J8BTKezIYg4DmAixsIP-CQaT8V86E_HYsLj6XwcBTAd83gSQeAPh7MI3YbK4yJaqhJr3U9VCUJUUmtq549mzA8C5g_nzJ8fUG5acDCqyNE9P1UpLKpi3zve9464BVFU6LpKl-i2P-esTCGXxjtj3iG6LV5YwltywkHXOfqE1vWo2FLyy9sBiIhlNa0mek1Z240V2rxU_CKVeINurcZH1ztuKn_iD_zaiF4PtQEjMdl1m83EzhrzBve-t3FCUvkCr11HEPETIWOwqUH3LFYyFTrkwBNJqTZyHdrWyapbyyEjEf1DkalcaVO1fDthqza8lJVu5tAbsYAFdeU6CbYkNHnhNrTktlJmiW79tPU-ovZVKy95e4WJd528Tt7c9fdc11YpXcygLPRA82ygLX2oIR3gnbTNs1uXpFX1295mWcr63E46bktIzStVttsKvsgqU0Z6cM9TeSloT99_4glJHo8XWQl__yigRorXtf2Y8mJ4T1dH1ESsMliQgBXaq9L1JIzikOIvOh4dAjfqUpKxWceUVlFaW_8NLtkj2A2iDEmGeRzVsn-Cx0Po:1mfo29:46aBZ-Ut0tIi4KcjJb_U4W5O8dXkWw1yWuniB1bfGdI",
    "expire_date": "2021-11-10T18:52:21.992Z"
  }
},
{
  "model": "security.dashboard",
  "pk": 1,
  "fields": {
    "name": "FACTORA POS",
    "image": "",
    "icon": "fas fa-shopping-cart",
    "layout": 1,
    "card": " ",
    "navbar": "navbar-dark navbar-primary",
    "brand_logo": " ",
    "sidebar": "sidebar-light-primary"
  }
},
{
  "model": "security.moduletype",
  "pk": 1,
  "fields": {
    "name": "Seguridad",
    "icon": "fas fa-lock",
    "is_active": true
  }
},
{
  "model": "security.moduletype",
  "pk": 2,
  "fields": {
    "name": "Bodega",
    "icon": "fas fa-boxes",
    "is_active": true
  }
},
{
  "model": "security.moduletype",
  "pk": 3,
  "fields": {
    "name": "Administrativo",
    "icon": "fas fa-hand-holding-usd",
    "is_active": true
  }
},
{
  "model": "security.moduletype",
  "pk": 4,
  "fields": {
    "name": "Facturación",
    "icon": "fas fa-calculator",
    "is_active": true
  }
},
{
  "model": "security.moduletype",
  "pk": 5,
  "fields": {
    "name": "Reportes",
    "icon": "fas fa-chart-pie",
    "is_active": true
  }
},
{
  "model": "security.module",
  "pk": 1,
  "fields": {
    "url": "/security/module/type/",
    "name": "Tipos de Módulos",
    "moduletype": 1,
    "description": "Permite administrar los tipos de módulos del sistema",
    "icon": "fas fa-door-open",
    "image": "",
    "is_vertical": true,
    "is_active": true,
    "is_visible": true,
    "permits": [
      27,
      28,
      29,
      30
    ]
  }
},
{
  "model": "security.module",
  "pk": 2,
  "fields": {
    "url": "/security/module/",
    "name": "Módulos",
    "moduletype": 1,
    "description": "Permite administrar los módulos del sistema",
    "icon": "fas fa-th-large",
    "image": "",
    "is_vertical": true,
    "is_active": true,
    "is_visible": true,
    "permits": [
      31,
      32,
      33,
      34
    ]
  }
},
{
  "model": "security.module",
  "pk": 3,
  "fields": {
    "url": "/security/group/",
    "name": "Grupos",
    "moduletype": 1,
    "description": "Permite administrar los grupos de usuarios del sistema",
    "icon": "fas fa-users",
    "image": "",
    "is_vertical": true,
    "is_active": true,
    "is_visible": true,
    "permits": [
      9,
      10,
      11,
      12
    ]
  }
},
{
  "model": "security.module",
  "pk": 4,
  "fields": {
    "url": "/security/database/backups/",
    "name": "Respaldos",
    "moduletype": 1,
    "description": "Permite administrar los respaldos de base de datos",
    "icon": "fas fa-database",
    "image": "",
    "is_vertical": true,
    "is_active": true,
    "is_visible": true,
    "permits": [
      25,
      26,
      24
    ]
  }
},
{
  "model": "security.module",
  "pk": 5,
  "fields": {
    "url": "/security/dashboard/update/",
    "name": "Conf. Dashboard",
    "moduletype": 1,
    "description": "Permite configurar los datos de la plantilla",
    "icon": "fas fa-tools",
    "image": "",
    "is_vertical": true,
    "is_active": true,
    "is_visible": true,
    "permits": []
  }
},
{
  "model": "security.module",
  "pk": 6,
  "fields": {
    "url": "/security/access/users/",
    "name": "Accesos",
    "moduletype": 1,
    "description": "Permite administrar los accesos de los usuarios",
    "icon": "fas fa-user-secret",
    "image": "",
    "is_vertical": true,
    "is_active": true,
    "is_visible": true,
    "permits": [
      22,
      21
    ]
  }
},
{
  "model": "security.module",
  "pk": 7,
  "fields": {
    "url": "/user/",
    "name": "Usuarios",
    "moduletype": 1,
    "description": "Permite administrar a los administradores del sistema",
    "icon": "fas fa-user",
    "image": "",
    "is_vertical": true,
    "is_active": true,
    "is_visible": true,
    "permits": [
      35,
      36,
      37,
      38
    ]
  }
},
{
  "model": "security.module",
  "pk": 8,
  "fields": {
    "url": "/pos/scm/provider/",
    "name": "Proveedores",
    "moduletype": 2,
    "description": "Permite administrar a los proveedores de las compras",
    "icon": "fas fa-truck",
    "image": "",
    "is_vertical": true,
    "is_active": true,
    "is_visible": true,
    "permits": [
      73,
      74,
      75,
      76
    ]
  }
},
{
  "model": "security.module",
  "pk": 9,
  "fields": {
    "url": "/pos/scm/category/",
    "name": "Categorías",
    "moduletype": 2,
    "description": "Permite administrar las categorías de los productos",
    "icon": "fas fa-truck-loading",
    "image": "",
    "is_vertical": true,
    "is_active": true,
    "is_visible": true,
    "permits": [
      39,
      40,
      41,
      42
    ]
  }
},
{
  "model": "security.module",
  "pk": 10,
  "fields": {
    "url": "/pos/scm/product/",
    "name": "Productos",
    "moduletype": 2,
    "description": "Permite administrar los productos del sistema",
    "icon": "fas fa-box",
    "image": "",
    "is_vertical": true,
    "is_active": true,
    "is_visible": true,
    "permits": [
      61,
      62,
      63,
      64
    ]
  }
},
{
  "model": "security.module",
  "pk": 11,
  "fields": {
    "url": "/pos/scm/purchase/",
    "name": "Compras",
    "moduletype": 2,
    "description": "Permite administrar las compras de los productos",
    "icon": "fas fa-dolly-flatbed",
    "image": "",
    "is_vertical": true,
    "is_active": true,
    "is_visible": true,
    "permits": [
      78,
      79,
      77
    ]
  }
},
{
  "model": "security.module",
  "pk": 12,
  "fields": {
    "url": "/pos/scm/product/stock/adjustment/",
    "name": "Ajuste de Stock",
    "moduletype": 2,
    "description": "Permite administrar los ajustes de stock de productos",
    "icon": "fas fa-sliders-h",
    "image": "",
    "is_vertical": true,
    "is_active": true,
    "is_visible": true,
    "permits": []
  }
},
{
  "model": "security.module",
  "pk": 13,
  "fields": {
    "url": "/pos/frm/type/expense/",
    "name": "Tipos de Gastos",
    "moduletype": 3,
    "description": "Permite administrar los tipos de gastos",
    "icon": "fas fa-comments-dollar",
    "image": "",
    "is_vertical": true,
    "is_active": true,
    "is_visible": true,
    "permits": [
      87,
      88,
      89,
      90
    ]
  }
},
{
  "model": "security.module",
  "pk": 14,
  "fields": {
    "url": "/pos/frm/expenses/",
    "name": "Gastos",
    "moduletype": 3,
    "description": "Permite administrar los gastos de la compañia",
    "icon": "fas fa-file-invoice-dollar",
    "image": "",
    "is_vertical": true,
    "is_active": true,
    "is_visible": true,
    "permits": [
      57,
      58,
      59,
      60
    ]
  }
},
{
  "model": "security.module",
  "pk": 15,
  "fields": {
    "url": "/pos/frm/ctas/collect/",
    "name": "Cuentas por cobrar",
    "moduletype": 3,
    "description": "Permite administrar las cuentas por cobrar de los clientes",
    "icon": "fas fa-funnel-dollar",
    "image": "",
    "is_vertical": true,
    "is_active": true,
    "is_visible": true,
    "permits": [
      49,
      50,
      48
    ]
  }
},
{
  "model": "security.module",
  "pk": 16,
  "fields": {
    "url": "/pos/frm/debts/pay/",
    "name": "Cuentas por pagar",
    "moduletype": 3,
    "description": "Permite administrar las cuentas por pagar de los proveedores",
    "icon": "fas fa-money-check-alt",
    "image": "",
    "is_vertical": true,
    "is_active": true,
    "is_visible": true,
    "permits": [
      52,
      53,
      51
    ]
  }
},
{
  "model": "security.module",
  "pk": 17,
  "fields": {
    "url": "/pos/crm/client/",
    "name": "Clientes",
    "moduletype": 4,
    "description": "Permite administrar los clientes del sistema",
    "icon": "fas fa-user-friends",
    "image": "",
    "is_vertical": true,
    "is_active": true,
    "is_visible": true,
    "permits": [
      43,
      44,
      45,
      46
    ]
  }
},
{
  "model": "security.module",
  "pk": 18,
  "fields": {
    "url": "/pos/crm/sale/admin/",
    "name": "Ventas",
    "moduletype": 4,
    "description": "Permite administrar las ventas de los productos",
    "icon": "fas fa-shopping-cart",
    "image": "",
    "is_vertical": true,
    "is_active": true,
    "is_visible": true,
    "permits": [
      85,
      86,
      84
    ]
  }
},
{
  "model": "security.module",
  "pk": 19,
  "fields": {
    "url": "/pos/crm/sale/client/",
    "name": "Ventas",
    "moduletype": null,
    "description": "Permite administrar las ventas de los productos",
    "icon": "fas fa-shopping-cart",
    "image": "",
    "is_vertical": false,
    "is_active": true,
    "is_visible": true,
    "permits": []
  }
},
{
  "model": "security.module",
  "pk": 20,
  "fields": {
    "url": "/pos/crm/promotions/",
    "name": "Promociones",
    "moduletype": 4,
    "description": "Permite administrar las promociones de los productos",
    "icon": "far fa-calendar-check",
    "image": "",
    "is_vertical": true,
    "is_active": true,
    "is_visible": true,
    "permits": [
      65,
      66,
      67,
      68
    ]
  }
},
{
  "model": "security.module",
  "pk": 21,
  "fields": {
    "url": "/pos/crm/devolution/",
    "name": "Devoluciones",
    "moduletype": 4,
    "description": "Permite administrar las devoluciones de los productos",
    "icon": "fas fa-exchange-alt",
    "image": "",
    "is_vertical": true,
    "is_active": true,
    "is_visible": true,
    "permits": [
      55,
      56,
      54
    ]
  }
},
{
  "model": "security.module",
  "pk": 22,
  "fields": {
    "url": "/reports/sale/",
    "name": "Ventas",
    "moduletype": 5,
    "description": "Permite ver los reportes de las ventas",
    "icon": "fas fa-chart-bar",
    "image": "",
    "is_vertical": true,
    "is_active": true,
    "is_visible": true,
    "permits": []
  }
},
{
  "model": "security.module",
  "pk": 23,
  "fields": {
    "url": "/reports/purchase/",
    "name": "Compras",
    "moduletype": 5,
    "description": "Permite ver los reportes de las compras",
    "icon": "fas fa-chart-bar",
    "image": "",
    "is_vertical": true,
    "is_active": true,
    "is_visible": true,
    "permits": []
  }
},
{
  "model": "security.module",
  "pk": 24,
  "fields": {
    "url": "/reports/expenses/",
    "name": "Gastos",
    "moduletype": 5,
    "description": "Permite ver los reportes de los gastos",
    "icon": "fas fa-chart-bar",
    "image": "",
    "is_vertical": true,
    "is_active": true,
    "is_visible": true,
    "permits": []
  }
},
{
  "model": "security.module",
  "pk": 25,
  "fields": {
    "url": "/reports/debts/pay/",
    "name": "Cuentas por Pagar",
    "moduletype": 5,
    "description": "Permite ver los reportes de las cuentas por pagar",
    "icon": "fas fa-chart-bar",
    "image": "",
    "is_vertical": true,
    "is_active": true,
    "is_visible": true,
    "permits": []
  }
},
{
  "model": "security.module",
  "pk": 26,
  "fields": {
    "url": "/reports/ctas/collect/",
    "name": "Cuentas por Cobrar",
    "moduletype": 5,
    "description": "Permite ver los reportes de las cuentas por cobrar",
    "icon": "fas fa-chart-bar",
    "image": "",
    "is_vertical": true,
    "is_active": true,
    "is_visible": true,
    "permits": []
  }
},
{
  "model": "security.module",
  "pk": 27,
  "fields": {
    "url": "/reports/results/",
    "name": "Perdidas y Ganacias",
    "moduletype": 5,
    "description": "Permite ver los reportes de perdidas y ganancias",
    "icon": "fas fa-chart-bar",
    "image": "",
    "is_vertical": true,
    "is_active": true,
    "is_visible": true,
    "permits": []
  }
},
{
  "model": "security.module",
  "pk": 28,
  "fields": {
    "url": "/user/update/password/",
    "name": "Cambiar password",
    "moduletype": null,
    "description": "Permite cambiar tu password de tu cuenta",
    "icon": "fas fa-key",
    "image": "",
    "is_vertical": false,
    "is_active": true,
    "is_visible": true,
    "permits": []
  }
},
{
  "model": "security.module",
  "pk": 29,
  "fields": {
    "url": "/user/update/profile/",
    "name": "Editar perfil",
    "moduletype": null,
    "description": "Permite cambiar la información de tu cuenta",
    "icon": "fas fa-user",
    "image": "",
    "is_vertical": false,
    "is_active": true,
    "is_visible": true,
    "permits": []
  }
},
{
  "model": "security.module",
  "pk": 30,
  "fields": {
    "url": "/pos/crm/client/update/profile/",
    "name": "Editar perfil",
    "moduletype": null,
    "description": "Permite cambiar la información de tu cuenta",
    "icon": "fas fa-user",
    "image": "",
    "is_vertical": false,
    "is_active": true,
    "is_visible": true,
    "permits": []
  }
},
{
  "model": "security.module",
  "pk": 31,
  "fields": {
    "url": "/pos/crm/company/update/",
    "name": "Compañia",
    "moduletype": null,
    "description": "Permite gestionar la información de la compañia",
    "icon": "fas fa-building",
    "image": "",
    "is_vertical": false,
    "is_active": true,
    "is_visible": true,
    "permits": []
  }
},
{
  "model": "security.module",
  "pk": 32,
  "fields": {
    "url": "/pos/scm/sucursal/",
    "name": "Sucursales",
    "moduletype": 2,
    "description": "Permite administrar las sucursales de la compañia",
    "icon": "fas fa-server",
    "image": "",
    "is_vertical": true,
    "is_active": true,
    "is_visible": true,
    "permits": [
      91,
      92,
      93,
      94
    ]
  }
},
{
  "model": "security.module",
  "pk": 33,
  "fields": {
    "url": "/pos/scm/brand/",
    "name": "Marcas",
    "moduletype": 2,
    "description": "Permite administrar las marcas de los modelos",
    "icon": "fas fa-code-branch",
    "image": "",
    "is_vertical": true,
    "is_active": true,
    "is_visible": true,
    "permits": [
      99,
      100,
      101,
      102
    ]
  }
},
{
  "model": "security.module",
  "pk": 34,
  "fields": {
    "url": "/pos/scm/exemplar/",
    "name": "Modelos",
    "moduletype": 2,
    "description": "Permite administrar los modelos de los productos",
    "icon": "fas fa-ring",
    "image": "",
    "is_vertical": true,
    "is_active": true,
    "is_visible": true,
    "permits": [
      95,
      96,
      97,
      98
    ]
  }
},
{
  "model": "security.groupmodule",
  "pk": 30,
  "fields": {
    "group": 2,
    "module": 19
  }
},
{
  "model": "security.groupmodule",
  "pk": 31,
  "fields": {
    "group": 2,
    "module": 30
  }
},
{
  "model": "security.groupmodule",
  "pk": 32,
  "fields": {
    "group": 2,
    "module": 28
  }
},
{
  "model": "security.groupmodule",
  "pk": 63,
  "fields": {
    "group": 1,
    "module": 1
  }
},
{
  "model": "security.groupmodule",
  "pk": 64,
  "fields": {
    "group": 1,
    "module": 2
  }
},
{
  "model": "security.groupmodule",
  "pk": 65,
  "fields": {
    "group": 1,
    "module": 3
  }
},
{
  "model": "security.groupmodule",
  "pk": 66,
  "fields": {
    "group": 1,
    "module": 4
  }
},
{
  "model": "security.groupmodule",
  "pk": 67,
  "fields": {
    "group": 1,
    "module": 5
  }
},
{
  "model": "security.groupmodule",
  "pk": 68,
  "fields": {
    "group": 1,
    "module": 6
  }
},
{
  "model": "security.groupmodule",
  "pk": 69,
  "fields": {
    "group": 1,
    "module": 7
  }
},
{
  "model": "security.groupmodule",
  "pk": 70,
  "fields": {
    "group": 1,
    "module": 8
  }
},
{
  "model": "security.groupmodule",
  "pk": 71,
  "fields": {
    "group": 1,
    "module": 9
  }
},
{
  "model": "security.groupmodule",
  "pk": 72,
  "fields": {
    "group": 1,
    "module": 10
  }
},
{
  "model": "security.groupmodule",
  "pk": 73,
  "fields": {
    "group": 1,
    "module": 11
  }
},
{
  "model": "security.groupmodule",
  "pk": 74,
  "fields": {
    "group": 1,
    "module": 12
  }
},
{
  "model": "security.groupmodule",
  "pk": 75,
  "fields": {
    "group": 1,
    "module": 13
  }
},
{
  "model": "security.groupmodule",
  "pk": 76,
  "fields": {
    "group": 1,
    "module": 14
  }
},
{
  "model": "security.groupmodule",
  "pk": 77,
  "fields": {
    "group": 1,
    "module": 15
  }
},
{
  "model": "security.groupmodule",
  "pk": 78,
  "fields": {
    "group": 1,
    "module": 16
  }
},
{
  "model": "security.groupmodule",
  "pk": 79,
  "fields": {
    "group": 1,
    "module": 17
  }
},
{
  "model": "security.groupmodule",
  "pk": 80,
  "fields": {
    "group": 1,
    "module": 18
  }
},
{
  "model": "security.groupmodule",
  "pk": 81,
  "fields": {
    "group": 1,
    "module": 20
  }
},
{
  "model": "security.groupmodule",
  "pk": 82,
  "fields": {
    "group": 1,
    "module": 21
  }
},
{
  "model": "security.groupmodule",
  "pk": 83,
  "fields": {
    "group": 1,
    "module": 22
  }
},
{
  "model": "security.groupmodule",
  "pk": 84,
  "fields": {
    "group": 1,
    "module": 23
  }
},
{
  "model": "security.groupmodule",
  "pk": 85,
  "fields": {
    "group": 1,
    "module": 24
  }
},
{
  "model": "security.groupmodule",
  "pk": 86,
  "fields": {
    "group": 1,
    "module": 25
  }
},
{
  "model": "security.groupmodule",
  "pk": 87,
  "fields": {
    "group": 1,
    "module": 26
  }
},
{
  "model": "security.groupmodule",
  "pk": 88,
  "fields": {
    "group": 1,
    "module": 27
  }
},
{
  "model": "security.groupmodule",
  "pk": 89,
  "fields": {
    "group": 1,
    "module": 28
  }
},
{
  "model": "security.groupmodule",
  "pk": 90,
  "fields": {
    "group": 1,
    "module": 29
  }
},
{
  "model": "security.groupmodule",
  "pk": 91,
  "fields": {
    "group": 1,
    "module": 31
  }
},
{
  "model": "security.groupmodule",
  "pk": 92,
  "fields": {
    "group": 1,
    "module": 32
  }
},
{
  "model": "security.groupmodule",
  "pk": 93,
  "fields": {
    "group": 1,
    "module": 33
  }
},
{
  "model": "security.groupmodule",
  "pk": 94,
  "fields": {
    "group": 1,
    "module": 34
  }
},
{
  "model": "security.grouppermission",
  "pk": 133,
  "fields": {
    "group": 1,
    "permission": 27,
    "module": 1
  }
},
{
  "model": "security.grouppermission",
  "pk": 134,
  "fields": {
    "group": 1,
    "permission": 28,
    "module": 1
  }
},
{
  "model": "security.grouppermission",
  "pk": 135,
  "fields": {
    "group": 1,
    "permission": 29,
    "module": 1
  }
},
{
  "model": "security.grouppermission",
  "pk": 136,
  "fields": {
    "group": 1,
    "permission": 30,
    "module": 1
  }
},
{
  "model": "security.grouppermission",
  "pk": 137,
  "fields": {
    "group": 1,
    "permission": 31,
    "module": 2
  }
},
{
  "model": "security.grouppermission",
  "pk": 138,
  "fields": {
    "group": 1,
    "permission": 32,
    "module": 2
  }
},
{
  "model": "security.grouppermission",
  "pk": 139,
  "fields": {
    "group": 1,
    "permission": 33,
    "module": 2
  }
},
{
  "model": "security.grouppermission",
  "pk": 140,
  "fields": {
    "group": 1,
    "permission": 34,
    "module": 2
  }
},
{
  "model": "security.grouppermission",
  "pk": 141,
  "fields": {
    "group": 1,
    "permission": 9,
    "module": 3
  }
},
{
  "model": "security.grouppermission",
  "pk": 142,
  "fields": {
    "group": 1,
    "permission": 10,
    "module": 3
  }
},
{
  "model": "security.grouppermission",
  "pk": 143,
  "fields": {
    "group": 1,
    "permission": 11,
    "module": 3
  }
},
{
  "model": "security.grouppermission",
  "pk": 144,
  "fields": {
    "group": 1,
    "permission": 12,
    "module": 3
  }
},
{
  "model": "security.grouppermission",
  "pk": 145,
  "fields": {
    "group": 1,
    "permission": 25,
    "module": 4
  }
},
{
  "model": "security.grouppermission",
  "pk": 146,
  "fields": {
    "group": 1,
    "permission": 26,
    "module": 4
  }
},
{
  "model": "security.grouppermission",
  "pk": 147,
  "fields": {
    "group": 1,
    "permission": 24,
    "module": 4
  }
},
{
  "model": "security.grouppermission",
  "pk": 148,
  "fields": {
    "group": 1,
    "permission": 22,
    "module": 6
  }
},
{
  "model": "security.grouppermission",
  "pk": 149,
  "fields": {
    "group": 1,
    "permission": 21,
    "module": 6
  }
},
{
  "model": "security.grouppermission",
  "pk": 150,
  "fields": {
    "group": 1,
    "permission": 35,
    "module": 7
  }
},
{
  "model": "security.grouppermission",
  "pk": 151,
  "fields": {
    "group": 1,
    "permission": 36,
    "module": 7
  }
},
{
  "model": "security.grouppermission",
  "pk": 152,
  "fields": {
    "group": 1,
    "permission": 37,
    "module": 7
  }
},
{
  "model": "security.grouppermission",
  "pk": 153,
  "fields": {
    "group": 1,
    "permission": 38,
    "module": 7
  }
},
{
  "model": "security.grouppermission",
  "pk": 154,
  "fields": {
    "group": 1,
    "permission": 73,
    "module": 8
  }
},
{
  "model": "security.grouppermission",
  "pk": 155,
  "fields": {
    "group": 1,
    "permission": 74,
    "module": 8
  }
},
{
  "model": "security.grouppermission",
  "pk": 156,
  "fields": {
    "group": 1,
    "permission": 75,
    "module": 8
  }
},
{
  "model": "security.grouppermission",
  "pk": 157,
  "fields": {
    "group": 1,
    "permission": 76,
    "module": 8
  }
},
{
  "model": "security.grouppermission",
  "pk": 158,
  "fields": {
    "group": 1,
    "permission": 39,
    "module": 9
  }
},
{
  "model": "security.grouppermission",
  "pk": 159,
  "fields": {
    "group": 1,
    "permission": 40,
    "module": 9
  }
},
{
  "model": "security.grouppermission",
  "pk": 160,
  "fields": {
    "group": 1,
    "permission": 41,
    "module": 9
  }
},
{
  "model": "security.grouppermission",
  "pk": 161,
  "fields": {
    "group": 1,
    "permission": 42,
    "module": 9
  }
},
{
  "model": "security.grouppermission",
  "pk": 162,
  "fields": {
    "group": 1,
    "permission": 61,
    "module": 10
  }
},
{
  "model": "security.grouppermission",
  "pk": 163,
  "fields": {
    "group": 1,
    "permission": 62,
    "module": 10
  }
},
{
  "model": "security.grouppermission",
  "pk": 164,
  "fields": {
    "group": 1,
    "permission": 63,
    "module": 10
  }
},
{
  "model": "security.grouppermission",
  "pk": 165,
  "fields": {
    "group": 1,
    "permission": 64,
    "module": 10
  }
},
{
  "model": "security.grouppermission",
  "pk": 166,
  "fields": {
    "group": 1,
    "permission": 78,
    "module": 11
  }
},
{
  "model": "security.grouppermission",
  "pk": 167,
  "fields": {
    "group": 1,
    "permission": 79,
    "module": 11
  }
},
{
  "model": "security.grouppermission",
  "pk": 168,
  "fields": {
    "group": 1,
    "permission": 77,
    "module": 11
  }
},
{
  "model": "security.grouppermission",
  "pk": 169,
  "fields": {
    "group": 1,
    "permission": 87,
    "module": 13
  }
},
{
  "model": "security.grouppermission",
  "pk": 170,
  "fields": {
    "group": 1,
    "permission": 88,
    "module": 13
  }
},
{
  "model": "security.grouppermission",
  "pk": 171,
  "fields": {
    "group": 1,
    "permission": 89,
    "module": 13
  }
},
{
  "model": "security.grouppermission",
  "pk": 172,
  "fields": {
    "group": 1,
    "permission": 90,
    "module": 13
  }
},
{
  "model": "security.grouppermission",
  "pk": 173,
  "fields": {
    "group": 1,
    "permission": 57,
    "module": 14
  }
},
{
  "model": "security.grouppermission",
  "pk": 174,
  "fields": {
    "group": 1,
    "permission": 58,
    "module": 14
  }
},
{
  "model": "security.grouppermission",
  "pk": 175,
  "fields": {
    "group": 1,
    "permission": 59,
    "module": 14
  }
},
{
  "model": "security.grouppermission",
  "pk": 176,
  "fields": {
    "group": 1,
    "permission": 60,
    "module": 14
  }
},
{
  "model": "security.grouppermission",
  "pk": 177,
  "fields": {
    "group": 1,
    "permission": 49,
    "module": 15
  }
},
{
  "model": "security.grouppermission",
  "pk": 178,
  "fields": {
    "group": 1,
    "permission": 50,
    "module": 15
  }
},
{
  "model": "security.grouppermission",
  "pk": 179,
  "fields": {
    "group": 1,
    "permission": 48,
    "module": 15
  }
},
{
  "model": "security.grouppermission",
  "pk": 180,
  "fields": {
    "group": 1,
    "permission": 52,
    "module": 16
  }
},
{
  "model": "security.grouppermission",
  "pk": 181,
  "fields": {
    "group": 1,
    "permission": 53,
    "module": 16
  }
},
{
  "model": "security.grouppermission",
  "pk": 182,
  "fields": {
    "group": 1,
    "permission": 51,
    "module": 16
  }
},
{
  "model": "security.grouppermission",
  "pk": 183,
  "fields": {
    "group": 1,
    "permission": 43,
    "module": 17
  }
},
{
  "model": "security.grouppermission",
  "pk": 184,
  "fields": {
    "group": 1,
    "permission": 44,
    "module": 17
  }
},
{
  "model": "security.grouppermission",
  "pk": 185,
  "fields": {
    "group": 1,
    "permission": 45,
    "module": 17
  }
},
{
  "model": "security.grouppermission",
  "pk": 186,
  "fields": {
    "group": 1,
    "permission": 46,
    "module": 17
  }
},
{
  "model": "security.grouppermission",
  "pk": 187,
  "fields": {
    "group": 1,
    "permission": 85,
    "module": 18
  }
},
{
  "model": "security.grouppermission",
  "pk": 188,
  "fields": {
    "group": 1,
    "permission": 86,
    "module": 18
  }
},
{
  "model": "security.grouppermission",
  "pk": 189,
  "fields": {
    "group": 1,
    "permission": 84,
    "module": 18
  }
},
{
  "model": "security.grouppermission",
  "pk": 190,
  "fields": {
    "group": 1,
    "permission": 65,
    "module": 20
  }
},
{
  "model": "security.grouppermission",
  "pk": 191,
  "fields": {
    "group": 1,
    "permission": 66,
    "module": 20
  }
},
{
  "model": "security.grouppermission",
  "pk": 192,
  "fields": {
    "group": 1,
    "permission": 67,
    "module": 20
  }
},
{
  "model": "security.grouppermission",
  "pk": 193,
  "fields": {
    "group": 1,
    "permission": 68,
    "module": 20
  }
},
{
  "model": "security.grouppermission",
  "pk": 194,
  "fields": {
    "group": 1,
    "permission": 55,
    "module": 21
  }
},
{
  "model": "security.grouppermission",
  "pk": 195,
  "fields": {
    "group": 1,
    "permission": 56,
    "module": 21
  }
},
{
  "model": "security.grouppermission",
  "pk": 196,
  "fields": {
    "group": 1,
    "permission": 54,
    "module": 21
  }
},
{
  "model": "security.grouppermission",
  "pk": 197,
  "fields": {
    "group": 1,
    "permission": 91,
    "module": 32
  }
},
{
  "model": "security.grouppermission",
  "pk": 198,
  "fields": {
    "group": 1,
    "permission": 92,
    "module": 32
  }
},
{
  "model": "security.grouppermission",
  "pk": 199,
  "fields": {
    "group": 1,
    "permission": 93,
    "module": 32
  }
},
{
  "model": "security.grouppermission",
  "pk": 200,
  "fields": {
    "group": 1,
    "permission": 94,
    "module": 32
  }
},
{
  "model": "security.grouppermission",
  "pk": 201,
  "fields": {
    "group": 1,
    "permission": 99,
    "module": 33
  }
},
{
  "model": "security.grouppermission",
  "pk": 202,
  "fields": {
    "group": 1,
    "permission": 100,
    "module": 33
  }
},
{
  "model": "security.grouppermission",
  "pk": 203,
  "fields": {
    "group": 1,
    "permission": 101,
    "module": 33
  }
},
{
  "model": "security.grouppermission",
  "pk": 204,
  "fields": {
    "group": 1,
    "permission": 102,
    "module": 33
  }
},
{
  "model": "security.grouppermission",
  "pk": 205,
  "fields": {
    "group": 1,
    "permission": 95,
    "module": 34
  }
},
{
  "model": "security.grouppermission",
  "pk": 206,
  "fields": {
    "group": 1,
    "permission": 96,
    "module": 34
  }
},
{
  "model": "security.grouppermission",
  "pk": 207,
  "fields": {
    "group": 1,
    "permission": 97,
    "module": 34
  }
},
{
  "model": "security.grouppermission",
  "pk": 208,
  "fields": {
    "group": 1,
    "permission": 98,
    "module": 34
  }
},
{
  "model": "security.accessusers",
  "pk": 1,
  "fields": {
    "user": 1,
    "date_joined": "2021-10-27",
    "hour": "07:56:01.313",
    "localhost": "138.122.109.194",
    "location": "Milagro, G, Ecuador"
  }
},
{
  "model": "user.user",
  "pk": 1,
  "fields": {
    "password": "pbkdf2_sha256$260000$8HfsqRR8OHniQSYSxnLu7i$F2p2ILndEXan3mQwocJ3tO2cPeJThjoXFHGGpIW4H4o=",
    "last_login": "2021-10-27T14:56:00.108Z",
    "is_superuser": true,
    "username": "admin",
    "first_name": "William Dávila",
    "last_name": "Dávila Vargas",
    "email": "davilawilliam93@gmail.com",
    "is_staff": true,
    "is_active": true,
    "date_joined": "2021-10-27T14:53:37.908Z",
    "dni": "0928363993",
    "image": "",
    "is_change_password": false,
    "token": "da558f55-3f4d-47ba-bca1-5ee89ad8ec66",
    "groups": [
      1
    ],
    "user_permissions": []
  }
},
{
  "model": "user.user",
  "pk": 2,
  "fields": {
    "password": "pbkdf2_sha256$260000$DzNAUMhnxzxJJ5RZeCVp5C$w7zwcgvItbu3AuOaij81eilkqduQ99AdH1vsM/o6KBE=",
    "last_login": null,
    "is_superuser": false,
    "username": "0928745123",
    "first_name": "Ana Gabriela",
    "last_name": "Matute Guamán",
    "email": "gabrielamatuteg1@gmail.com",
    "is_staff": false,
    "is_active": true,
    "date_joined": "2021-10-27T14:53:54.634Z",
    "dni": "0928745123",
    "image": "",
    "is_change_password": false,
    "token": "80937787-3991-4109-8a94-bb3bc9b32bca",
    "groups": [],
    "user_permissions": []
  }
},
{
  "model": "pos.company",
  "pk": 1,
  "fields": {
    "name": "PALACIO DEL HOGAR",
    "ruc": "06000334423",
    "address": "Parque California 2 Bodega F38-F39",
    "mobile": "09999999999",
    "phone": "3333333",
    "email": "info@palaciodelhogar.com",
    "website": "palaciodelhogar.com",
    "desc": "Ventas Al Por Mayor Y Por Menor En Productos para el hogar.",
    "image": "",
    "iva": "12.00"
  }
},
{
  "model": "pos.provider",
  "pk": 1,
  "fields": {
    "name": "EXPALSA S.A.",
    "ruc": "03026622102",
    "mobile": "0979021212",
    "address": "Duran",
    "email": "expalsa@gmail.com"
  }
},
{
  "model": "pos.sucursal",
  "pk": 1,
  "fields": {
    "name": "Martiz",
    "location": "Milagro",
    "serie": "923829832983923"
  }
},
{
  "model": "pos.sucursal",
  "pk": 2,
  "fields": {
    "name": "Bodega",
    "location": null,
    "serie": null
  }
},
{
  "model": "pos.category",
  "pk": 1,
  "fields": {
    "name": "SCHNEIDER",
    "inventoried": true
  }
},
{
  "model": "pos.category",
  "pk": 2,
  "fields": {
    "name": "SIN MARCA",
    "inventoried": true
  }
},
{
  "model": "pos.category",
  "pk": 3,
  "fields": {
    "name": "SALTA",
    "inventoried": true
  }
},
{
  "model": "pos.category",
  "pk": 4,
  "fields": {
    "name": "QUILM",
    "inventoried": true
  }
},
{
  "model": "pos.category",
  "pk": 5,
  "fields": {
    "name": "KINDER",
    "inventoried": true
  }
},
{
  "model": "pos.category",
  "pk": 6,
  "fields": {
    "name": "NIVEA",
    "inventoried": true
  }
},
{
  "model": "pos.category",
  "pk": 7,
  "fields": {
    "name": "REXONA",
    "inventoried": true
  }
},
{
  "model": "pos.category",
  "pk": 8,
  "fields": {
    "name": "DOVE",
    "inventoried": true
  }
},
{
  "model": "pos.category",
  "pk": 9,
  "fields": {
    "name": "CORONA",
    "inventoried": true
  }
},
{
  "model": "pos.category",
  "pk": 10,
  "fields": {
    "name": "OFF",
    "inventoried": true
  }
},
{
  "model": "pos.category",
  "pk": 11,
  "fields": {
    "name": "TITA",
    "inventoried": true
  }
},
{
  "model": "pos.category",
  "pk": 12,
  "fields": {
    "name": "OPERA",
    "inventoried": true
  }
},
{
  "model": "pos.category",
  "pk": 13,
  "fields": {
    "name": "MILKA",
    "inventoried": true
  }
},
{
  "model": "pos.category",
  "pk": 14,
  "fields": {
    "name": "TERRABUSI",
    "inventoried": true
  }
},
{
  "model": "pos.category",
  "pk": 15,
  "fields": {
    "name": "CRIADORES",
    "inventoried": true
  }
},
{
  "model": "pos.category",
  "pk": 16,
  "fields": {
    "name": "HALLS",
    "inventoried": true
  }
},
{
  "model": "pos.category",
  "pk": 17,
  "fields": {
    "name": "TRES PLUMAS",
    "inventoried": true
  }
},
{
  "model": "pos.category",
  "pk": 18,
  "fields": {
    "name": "SHOT",
    "inventoried": true
  }
},
{
  "model": "pos.category",
  "pk": 19,
  "fields": {
    "name": "TOPLINE",
    "inventoried": true
  }
},
{
  "model": "pos.category",
  "pk": 20,
  "fields": {
    "name": "BON O BON",
    "inventoried": true
  }
},
{
  "model": "pos.category",
  "pk": 21,
  "fields": {
    "name": "COFLER",
    "inventoried": true
  }
},
{
  "model": "pos.category",
  "pk": 22,
  "fields": {
    "name": "MENTO PLUS",
    "inventoried": true
  }
},
{
  "model": "pos.category",
  "pk": 23,
  "fields": {
    "name": "MENTOPLUS",
    "inventoried": true
  }
},
{
  "model": "pos.category",
  "pk": 24,
  "fields": {
    "name": "CARREFOUR",
    "inventoried": true
  }
},
{
  "model": "pos.category",
  "pk": 25,
  "fields": {
    "name": "VAUQUITA",
    "inventoried": true
  }
},
{
  "model": "pos.category",
  "pk": 26,
  "fields": {
    "name": "CACHAFAZ",
    "inventoried": true
  }
},
{
  "model": "pos.category",
  "pk": 27,
  "fields": {
    "name": "TOP LINE",
    "inventoried": true
  }
},
{
  "model": "pos.category",
  "pk": 28,
  "fields": {
    "name": "PLUSBELLE",
    "inventoried": true
  }
},
{
  "model": "pos.category",
  "pk": 29,
  "fields": {
    "name": "ARCOR",
    "inventoried": true
  }
},
{
  "model": "pos.category",
  "pk": 30,
  "fields": {
    "name": "SHIMY",
    "inventoried": true
  }
},
{
  "model": "pos.category",
  "pk": 31,
  "fields": {
    "name": "BELDENT",
    "inventoried": true
  }
},
{
  "model": "pos.category",
  "pk": 32,
  "fields": {
    "name": "MENTHOPLUS",
    "inventoried": true
  }
},
{
  "model": "pos.category",
  "pk": 33,
  "fields": {
    "name": "DANETTE",
    "inventoried": true
  }
},
{
  "model": "pos.category",
  "pk": 34,
  "fields": {
    "name": "CELUSAL",
    "inventoried": true
  }
},
{
  "model": "pos.category",
  "pk": 35,
  "fields": {
    "name": "WASSINGTON",
    "inventoried": true
  }
},
{
  "model": "pos.category",
  "pk": 36,
  "fields": {
    "name": "SANCORITO",
    "inventoried": true
  }
},
{
  "model": "pos.category",
  "pk": 37,
  "fields": {
    "name": "PIPAS",
    "inventoried": true
  }
},
{
  "model": "pos.category",
  "pk": 38,
  "fields": {
    "name": "UNIQUIT",
    "inventoried": true
  }
},
{
  "model": "pos.category",
  "pk": 39,
  "fields": {
    "name": "MAPSA",
    "inventoried": true
  }
},
{
  "model": "pos.category",
  "pk": 40,
  "fields": {
    "name": "BIZNIKKE",
    "inventoried": true
  }
},
{
  "model": "pos.category",
  "pk": 41,
  "fields": {
    "name": "GUAYMALLEN",
    "inventoried": true
  }
},
{
  "model": "pos.brand",
  "pk": 1,
  "fields": {
    "name": "Samsung"
  }
},
{
  "model": "pos.brand",
  "pk": 2,
  "fields": {
    "name": "Apple"
  }
},
{
  "model": "pos.brand",
  "pk": 3,
  "fields": {
    "name": "Huawei"
  }
},
{
  "model": "pos.brand",
  "pk": 4,
  "fields": {
    "name": "Xiaomi"
  }
},
{
  "model": "pos.brand",
  "pk": 5,
  "fields": {
    "name": "Sony"
  }
},
{
  "model": "pos.brand",
  "pk": 6,
  "fields": {
    "name": "LG"
  }
},
{
  "model": "pos.exemplar",
  "pk": 1,
  "fields": {
    "brand": 1,
    "name": "J7"
  }
},
{
  "model": "pos.exemplar",
  "pk": 2,
  "fields": {
    "brand": 1,
    "name": "J8"
  }
},
{
  "model": "pos.product",
  "pk": 1,
  "fields": {
    "name": "Cerveza Botella Schneider x 1 Un",
    "code": "KI5RVZIT9Z",
    "reference": "s/n",
    "detail": "s/n",
    "category": 1,
    "exemplar": 2,
    "stock_maximum": 76,
    "stock_minimum": 1,
    "price": "7.00",
    "pvp": "7.84",
    "image": "",
    "stock": 0
  }
},
{
  "model": "pos.product",
  "pk": 2,
  "fields": {
    "name": "REJILLA COMPACTA COL",
    "code": "X2N3NDOBGZ",
    "reference": "s/n",
    "detail": "s/n",
    "category": 2,
    "exemplar": 2,
    "stock_maximum": 97,
    "stock_minimum": 1,
    "price": "2.00",
    "pvp": "2.24",
    "image": "",
    "stock": 23
  }
},
{
  "model": "pos.product",
  "pk": 3,
  "fields": {
    "name": "REJ.SECAVAJ.43X55CM",
    "code": "I07GK8E02Ñ",
    "reference": "s/n",
    "detail": "s/n",
    "category": 2,
    "exemplar": 2,
    "stock_maximum": 58,
    "stock_minimum": 1,
    "price": "5.00",
    "pvp": "5.60",
    "image": "",
    "stock": 62
  }
},
{
  "model": "pos.product",
  "pk": 4,
  "fields": {
    "name": "REJILLA AUTO 50X50CM",
    "code": "L265S2B7LY",
    "reference": "s/n",
    "detail": "s/n",
    "category": 2,
    "exemplar": 2,
    "stock_maximum": 15,
    "stock_minimum": 1,
    "price": "10.00",
    "pvp": "11.20",
    "image": "",
    "stock": 0
  }
},
{
  "model": "pos.product",
  "pk": 5,
  "fields": {
    "name": "LECHE L.V.ENTERA",
    "code": "A5ZJ5BHRME",
    "reference": "s/n",
    "detail": "s/n",
    "category": 2,
    "exemplar": 2,
    "stock_maximum": 11,
    "stock_minimum": 1,
    "price": "3.00",
    "pvp": "3.36",
    "image": "",
    "stock": 68
  }
},
{
  "model": "pos.product",
  "pk": 6,
  "fields": {
    "name": "Trapo Piso Blanco Consorcio x 1 Un",
    "code": "SZESFUYPED",
    "reference": "s/n",
    "detail": "s/n",
    "category": 2,
    "exemplar": 2,
    "stock_maximum": 100,
    "stock_minimum": 1,
    "price": "6.00",
    "pvp": "6.72",
    "image": "",
    "stock": 0
  }
},
{
  "model": "pos.product",
  "pk": 7,
  "fields": {
    "name": "Trapo Piso Gris Consorcio x 1 Un",
    "code": "NW8C7H8ANÑ",
    "reference": "s/n",
    "detail": "s/n",
    "category": 2,
    "exemplar": 2,
    "stock_maximum": 83,
    "stock_minimum": 1,
    "price": "9.00",
    "pvp": "10.08",
    "image": "",
    "stock": 0
  }
},
{
  "model": "pos.product",
  "pk": 8,
  "fields": {
    "name": "Trapo Piso Mil Usos x 1 Un",
    "code": "G10AS2E6P8",
    "reference": "s/n",
    "detail": "s/n",
    "category": 2,
    "exemplar": 2,
    "stock_maximum": 24,
    "stock_minimum": 1,
    "price": "2.00",
    "pvp": "2.24",
    "image": "",
    "stock": 0
  }
},
{
  "model": "pos.product",
  "pk": 9,
  "fields": {
    "name": "PAÃ‘O FRANELA CALIDAD",
    "code": "BGFK34EMZJ",
    "reference": "s/n",
    "detail": "s/n",
    "category": 2,
    "exemplar": 2,
    "stock_maximum": 45,
    "stock_minimum": 1,
    "price": "4.00",
    "pvp": "4.48",
    "image": "",
    "stock": 32
  }
},
{
  "model": "pos.product",
  "pk": 10,
  "fields": {
    "name": "Cerveza Blanca Botella Salta x 1 Un",
    "code": "RH1C2PULÑ2",
    "reference": "s/n",
    "detail": "s/n",
    "category": 3,
    "exemplar": 2,
    "stock_maximum": 21,
    "stock_minimum": 1,
    "price": "8.00",
    "pvp": "8.96",
    "image": "",
    "stock": 0
  }
},
{
  "model": "pos.product",
  "pk": 11,
  "fields": {
    "name": "ESQUELETO CERV BLANC",
    "code": "RGRZ18TW3U",
    "reference": "s/n",
    "detail": "s/n",
    "category": 3,
    "exemplar": 2,
    "stock_maximum": 77,
    "stock_minimum": 1,
    "price": "9.00",
    "pvp": "10.08",
    "image": "",
    "stock": 2
  }
},
{
  "model": "pos.product",
  "pk": 12,
  "fields": {
    "name": "Cerveza Negra Botella Salta x 1 Un",
    "code": "6KKPZIUK2X",
    "reference": "s/n",
    "detail": "s/n",
    "category": 3,
    "exemplar": 2,
    "stock_maximum": 33,
    "stock_minimum": 1,
    "price": "5.00",
    "pvp": "5.60",
    "image": "",
    "stock": 23
  }
},
{
  "model": "pos.product",
  "pk": 13,
  "fields": {
    "name": "ESQUELETO CERV NEGRA",
    "code": "DQMM7KI3FB",
    "reference": "s/n",
    "detail": "s/n",
    "category": 3,
    "exemplar": 2,
    "stock_maximum": 46,
    "stock_minimum": 1,
    "price": "9.00",
    "pvp": "10.08",
    "image": "",
    "stock": 6
  }
},
{
  "model": "pos.product",
  "pk": 14,
  "fields": {
    "name": "ENVASE CERVEZA 1890",
    "code": "V1A1T0TXLO",
    "reference": "s/n",
    "detail": "s/n",
    "category": 4,
    "exemplar": 2,
    "stock_maximum": 23,
    "stock_minimum": 1,
    "price": "9.00",
    "pvp": "10.08",
    "image": "",
    "stock": 14
  }
},
{
  "model": "pos.product",
  "pk": 15,
  "fields": {
    "name": "ESQUELETO CERV 1890",
    "code": "TV1BR66190",
    "reference": "s/n",
    "detail": "s/n",
    "category": 4,
    "exemplar": 2,
    "stock_maximum": 16,
    "stock_minimum": 1,
    "price": "3.00",
    "pvp": "3.36",
    "image": "",
    "stock": 1
  }
},
{
  "model": "pos.product",
  "pk": 16,
  "fields": {
    "name": "Huevo de Chocolate Kinder con Sorpresa Caja x 20 Gr",
    "code": "EV2QLTQVRJ",
    "reference": "s/n",
    "detail": "s/n",
    "category": 5,
    "exemplar": 2,
    "stock_maximum": 58,
    "stock_minimum": 1,
    "price": "7.00",
    "pvp": "7.84",
    "image": "",
    "stock": 0
  }
},
{
  "model": "pos.product",
  "pk": 17,
  "fields": {
    "name": "Desmaquillador de Ojos Bifasico en Botella Nivea x 125 Ml",
    "code": "JY300CDP7G",
    "reference": "s/n",
    "detail": "s/n",
    "category": 6,
    "exemplar": 2,
    "stock_maximum": 37,
    "stock_minimum": 1,
    "price": "9.00",
    "pvp": "10.08",
    "image": "",
    "stock": 19
  }
},
{
  "model": "pos.product",
  "pk": 18,
  "fields": {
    "name": "Crema Facial Cuidado Nivea x 100 Ml",
    "code": "GTYRORZFJL",
    "reference": "s/n",
    "detail": "s/n",
    "category": 6,
    "exemplar": 2,
    "stock_maximum": 73,
    "stock_minimum": 1,
    "price": "9.00",
    "pvp": "10.08",
    "image": "",
    "stock": 0
  }
},
{
  "model": "pos.product",
  "pk": 19,
  "fields": {
    "name": "Desodorante Antitranspirante en Barra V8 Rexona x 50 Gr",
    "code": "7PH79TELQU",
    "reference": "s/n",
    "detail": "s/n",
    "category": 7,
    "exemplar": 2,
    "stock_maximum": 79,
    "stock_minimum": 1,
    "price": "1.00",
    "pvp": "1.12",
    "image": "",
    "stock": 23
  }
},
{
  "model": "pos.product",
  "pk": 20,
  "fields": {
    "name": "Desodorante Stick Nutritivo Rexona x 50 Gr",
    "code": "WK138V2ÑÑQ",
    "reference": "s/n",
    "detail": "s/n",
    "category": 7,
    "exemplar": 2,
    "stock_maximum": 7,
    "stock_minimum": 1,
    "price": "6.00",
    "pvp": "6.72",
    "image": "",
    "stock": 0
  }
},
{
  "model": "pos.product",
  "pk": 21,
  "fields": {
    "name": "Desodorante Original Dove x 50 Gr",
    "code": "6K2DNTLUED",
    "reference": "s/n",
    "detail": "s/n",
    "category": 8,
    "exemplar": 2,
    "stock_maximum": 95,
    "stock_minimum": 1,
    "price": "3.00",
    "pvp": "3.36",
    "image": "",
    "stock": 0
  }
},
{
  "model": "pos.product",
  "pk": 22,
  "fields": {
    "name": "Cerveza Corona x 335 Cc",
    "code": "UMBZZCUP4G",
    "reference": "s/n",
    "detail": "s/n",
    "category": 9,
    "exemplar": 2,
    "stock_maximum": 13,
    "stock_minimum": 1,
    "price": "10.00",
    "pvp": "11.20",
    "image": "",
    "stock": 4
  }
},
{
  "model": "pos.product",
  "pk": 23,
  "fields": {
    "name": "Repelente Crema Off x 60 Gr",
    "code": "VZIDOSOKGM",
    "reference": "s/n",
    "detail": "s/n",
    "category": 10,
    "exemplar": 2,
    "stock_maximum": 34,
    "stock_minimum": 1,
    "price": "9.00",
    "pvp": "10.08",
    "image": "",
    "stock": 0
  }
},
{
  "model": "pos.product",
  "pk": 24,
  "fields": {
    "name": "Galletitas BanÌƒadas con Chocolate con Relleno de Limon Terrabusi Tita x 18 Gr",
    "code": "WUHKQYIR1N",
    "reference": "s/n",
    "detail": "s/n",
    "category": 11,
    "exemplar": 2,
    "stock_maximum": 25,
    "stock_minimum": 1,
    "price": "5.00",
    "pvp": "5.60",
    "image": "",
    "stock": 21
  }
},
{
  "model": "pos.product",
  "pk": 25,
  "fields": {
    "name": "Obleas Rellena Bagley Opera x 55 Gr",
    "code": "IXERY2PZ4Y",
    "reference": "s/n",
    "detail": "s/n",
    "category": 12,
    "exemplar": 2,
    "stock_maximum": 65,
    "stock_minimum": 1,
    "price": "3.00",
    "pvp": "3.36",
    "image": "",
    "stock": 0
  }
},
{
  "model": "pos.product",
  "pk": 26,
  "fields": {
    "name": "Obleas Rellena Bagley Opera x 92 Gr",
    "code": "SGFGTPKKDA",
    "reference": "s/n",
    "detail": "s/n",
    "category": 12,
    "exemplar": 2,
    "stock_maximum": 61,
    "stock_minimum": 1,
    "price": "9.00",
    "pvp": "10.08",
    "image": "",
    "stock": 2
  }
},
{
  "model": "pos.product",
  "pk": 27,
  "fields": {
    "name": "Alfajor Mousse Triple Milka x 55 Gr",
    "code": "9VT4A5RBQS",
    "reference": "s/n",
    "detail": "s/n",
    "category": 13,
    "exemplar": 2,
    "stock_maximum": 5,
    "stock_minimum": 1,
    "price": "10.00",
    "pvp": "11.20",
    "image": "",
    "stock": 1
  }
},
{
  "model": "pos.product",
  "pk": 28,
  "fields": {
    "name": "Alfajor Triple Dulce de Leche Terrabusi x 70 Gr",
    "code": "0P2WP5UYC9",
    "reference": "s/n",
    "detail": "s/n",
    "category": 14,
    "exemplar": 2,
    "stock_maximum": 33,
    "stock_minimum": 1,
    "price": "10.00",
    "pvp": "11.20",
    "image": "",
    "stock": 24
  }
},
{
  "model": "pos.product",
  "pk": 29,
  "fields": {
    "name": "Whisky Criadores En Petaca x 195 Cc",
    "code": "MGGJTIGKH9",
    "reference": "s/n",
    "detail": "s/n",
    "category": 15,
    "exemplar": 2,
    "stock_maximum": 97,
    "stock_minimum": 1,
    "price": "4.00",
    "pvp": "4.48",
    "image": "",
    "stock": 59
  }
},
{
  "model": "pos.product",
  "pk": 30,
  "fields": {
    "name": "Caramelos Halls Cherry Paquete x 28 Gr",
    "code": "VCYRHLW1CF",
    "reference": "s/n",
    "detail": "s/n",
    "category": 16,
    "exemplar": 2,
    "stock_maximum": 53,
    "stock_minimum": 1,
    "price": "4.00",
    "pvp": "4.48",
    "image": "",
    "stock": 8
  }
},
{
  "model": "pos.product",
  "pk": 31,
  "fields": {
    "name": "Licor Crema de Dulce de Leche Tres Plumas x 200 Cc",
    "code": "WH7X3061CQ",
    "reference": "s/n",
    "detail": "s/n",
    "category": 17,
    "exemplar": 2,
    "stock_maximum": 53,
    "stock_minimum": 1,
    "price": "3.00",
    "pvp": "3.36",
    "image": "",
    "stock": 14
  }
},
{
  "model": "pos.product",
  "pk": 32,
  "fields": {
    "name": "Chocolate en Tableta Shot x 35 Gr",
    "code": "ÑYMEOKVBH1",
    "reference": "s/n",
    "detail": "s/n",
    "category": 18,
    "exemplar": 2,
    "stock_maximum": 37,
    "stock_minimum": 1,
    "price": "1.00",
    "pvp": "1.12",
    "image": "",
    "stock": 0
  }
},
{
  "model": "pos.product",
  "pk": 33,
  "fields": {
    "name": "Chicles Topline Fruta Paquete x 6.7 Gr",
    "code": "JNYC23K8U5",
    "reference": "s/n",
    "detail": "s/n",
    "category": 19,
    "exemplar": 2,
    "stock_maximum": 44,
    "stock_minimum": 1,
    "price": "7.00",
    "pvp": "7.84",
    "image": "",
    "stock": 8
  }
},
{
  "model": "pos.product",
  "pk": 34,
  "fields": {
    "name": "Bombon de Leche Suelto Bon o Bon x 1 Un",
    "code": "C27DGVOÑQO",
    "reference": "s/n",
    "detail": "s/n",
    "category": 20,
    "exemplar": 2,
    "stock_maximum": 66,
    "stock_minimum": 1,
    "price": "1.00",
    "pvp": "1.12",
    "image": "",
    "stock": 30
  }
},
{
  "model": "pos.product",
  "pk": 35,
  "fields": {
    "name": "Chocolate Leche M Joy Milka x 30 Gr",
    "code": "QEYVRPSXPM",
    "reference": "s/n",
    "detail": "s/n",
    "category": 13,
    "exemplar": 2,
    "stock_maximum": 6,
    "stock_minimum": 1,
    "price": "3.00",
    "pvp": "3.36",
    "image": "",
    "stock": 0
  }
},
{
  "model": "pos.product",
  "pk": 36,
  "fields": {
    "name": "Chocolate con Mani Block Cofler x 110 Gr",
    "code": "QLJ11PADU9",
    "reference": "s/n",
    "detail": "s/n",
    "category": 21,
    "exemplar": 2,
    "stock_maximum": 24,
    "stock_minimum": 1,
    "price": "2.00",
    "pvp": "2.24",
    "image": "",
    "stock": 17
  }
},
{
  "model": "pos.product",
  "pk": 37,
  "fields": {
    "name": "Caramelos Mentho Plus Cherry 9 x Gr",
    "code": "N1Ñ4Y21HV2",
    "reference": "s/n",
    "detail": "s/n",
    "category": 22,
    "exemplar": 2,
    "stock_maximum": 35,
    "stock_minimum": 1,
    "price": "9.00",
    "pvp": "10.08",
    "image": "",
    "stock": 0
  }
},
{
  "model": "pos.product",
  "pk": 38,
  "fields": {
    "name": "Caramelos Miel Menthoplus x 30.6 Gr",
    "code": "B3FUQ9TDHI",
    "reference": "s/n",
    "detail": "s/n",
    "category": 23,
    "exemplar": 2,
    "stock_maximum": 32,
    "stock_minimum": 1,
    "price": "8.00",
    "pvp": "8.96",
    "image": "",
    "stock": 0
  }
},
{
  "model": "pos.product",
  "pk": 39,
  "fields": {
    "name": "Desodorante Roll On Crystal Rexona x 50 Ml",
    "code": "4RPQ3MF4T4",
    "reference": "s/n",
    "detail": "s/n",
    "category": 7,
    "exemplar": 2,
    "stock_maximum": 87,
    "stock_minimum": 1,
    "price": "8.00",
    "pvp": "8.96",
    "image": "",
    "stock": 0
  }
},
{
  "model": "pos.product",
  "pk": 40,
  "fields": {
    "name": "PanÌƒuelos Descartables Carrefour x 1 Un",
    "code": "DMGMEOKKÑÑ",
    "reference": "s/n",
    "detail": "s/n",
    "category": 24,
    "exemplar": 2,
    "stock_maximum": 84,
    "stock_minimum": 1,
    "price": "9.00",
    "pvp": "10.08",
    "image": "",
    "stock": 2
  }
},
{
  "model": "pos.product",
  "pk": 41,
  "fields": {
    "name": "Bocadito de Dulce de Leche Light Vauquita x 22 Gr",
    "code": "NFZIGZS1IV",
    "reference": "s/n",
    "detail": "s/n",
    "category": 25,
    "exemplar": 2,
    "stock_maximum": 24,
    "stock_minimum": 1,
    "price": "6.00",
    "pvp": "6.72",
    "image": "",
    "stock": 23
  }
},
{
  "model": "pos.product",
  "pk": 42,
  "fields": {
    "name": "Desodorante Nutritive Roll On Rexona x 50 Ml",
    "code": "WHVCDÑB7TV",
    "reference": "s/n",
    "detail": "s/n",
    "category": 7,
    "exemplar": 2,
    "stock_maximum": 81,
    "stock_minimum": 1,
    "price": "8.00",
    "pvp": "8.96",
    "image": "",
    "stock": 0
  }
},
{
  "model": "pos.product",
  "pk": 43,
  "fields": {
    "name": "Chicles Topline Seven Menta Paquete x 14 Gr",
    "code": "N9ÑRJS3XSX",
    "reference": "s/n",
    "detail": "s/n",
    "category": 19,
    "exemplar": 2,
    "stock_maximum": 54,
    "stock_minimum": 1,
    "price": "7.00",
    "pvp": "7.84",
    "image": "",
    "stock": 0
  }
},
{
  "model": "pos.product",
  "pk": 44,
  "fields": {
    "name": "Caramelos Strong Mint Paquete Halls x 28 Gr",
    "code": "K5LDJN09LF",
    "reference": "s/n",
    "detail": "s/n",
    "category": 16,
    "exemplar": 2,
    "stock_maximum": 25,
    "stock_minimum": 1,
    "price": "6.00",
    "pvp": "6.72",
    "image": "",
    "stock": 0
  }
},
{
  "model": "pos.product",
  "pk": 45,
  "fields": {
    "name": "Caramelos Mentol Paquete Halls x 28 Gr",
    "code": "HSXYRR08LS",
    "reference": "s/n",
    "detail": "s/n",
    "category": 16,
    "exemplar": 2,
    "stock_maximum": 60,
    "stock_minimum": 1,
    "price": "3.00",
    "pvp": "3.36",
    "image": "",
    "stock": 24
  }
},
{
  "model": "pos.product",
  "pk": 46,
  "fields": {
    "name": "Alfajor con BanÌƒo de Chocolate Cachafaz x 60 Gr",
    "code": "8WVAYNCT47",
    "reference": "s/n",
    "detail": "s/n",
    "category": 26,
    "exemplar": 2,
    "stock_maximum": 98,
    "stock_minimum": 1,
    "price": "9.00",
    "pvp": "10.08",
    "image": "",
    "stock": 0
  }
},
{
  "model": "pos.product",
  "pk": 47,
  "fields": {
    "name": "Alfajor Clasico Terrabusi x 50 Gr",
    "code": "8QL57XMB4R",
    "reference": "s/n",
    "detail": "s/n",
    "category": 14,
    "exemplar": 2,
    "stock_maximum": 62,
    "stock_minimum": 1,
    "price": "7.00",
    "pvp": "7.84",
    "image": "",
    "stock": 62
  }
},
{
  "model": "pos.product",
  "pk": 48,
  "fields": {
    "name": "Chicle Seven Strong Top Line 14,7 x Gr",
    "code": "O56V80QZUQ",
    "reference": "s/n",
    "detail": "s/n",
    "category": 27,
    "exemplar": 2,
    "stock_maximum": 53,
    "stock_minimum": 1,
    "price": "4.00",
    "pvp": "4.48",
    "image": "",
    "stock": 0
  }
},
{
  "model": "pos.product",
  "pk": 49,
  "fields": {
    "name": "Desodorante Roll On Invisible Plusbelle x 50 Cc",
    "code": "EGGAOB60F6",
    "reference": "s/n",
    "detail": "s/n",
    "category": 28,
    "exemplar": 2,
    "stock_maximum": 49,
    "stock_minimum": 1,
    "price": "8.00",
    "pvp": "8.96",
    "image": "",
    "stock": 6
  }
},
{
  "model": "pos.product",
  "pk": 50,
  "fields": {
    "name": "Turron Arcor x 25 Gr",
    "code": "T2VBTF9W3R",
    "reference": "s/n",
    "detail": "s/n",
    "category": 29,
    "exemplar": 2,
    "stock_maximum": 30,
    "stock_minimum": 1,
    "price": "1.00",
    "pvp": "1.12",
    "image": "",
    "stock": 0
  }
},
{
  "model": "pos.product",
  "pk": 51,
  "fields": {
    "name": "Gelatina Sabor Frutilla Shimy Sancor x 110 Gr",
    "code": "99ENTQMAFH",
    "reference": "s/n",
    "detail": "s/n",
    "category": 30,
    "exemplar": 2,
    "stock_maximum": 39,
    "stock_minimum": 1,
    "price": "4.00",
    "pvp": "4.48",
    "image": "",
    "stock": 0
  }
},
{
  "model": "pos.product",
  "pk": 52,
  "fields": {
    "name": "Gelatina Sabor Manzana Shimy Sancor x 110 Gr",
    "code": "3FGVDTO5MH",
    "reference": "s/n",
    "detail": "s/n",
    "category": 30,
    "exemplar": 2,
    "stock_maximum": 51,
    "stock_minimum": 1,
    "price": "5.00",
    "pvp": "5.60",
    "image": "",
    "stock": 22
  }
},
{
  "model": "pos.product",
  "pk": 53,
  "fields": {
    "name": "Desodorante en Crema en Pote Odorono Rexona x 60 Gr",
    "code": "WYU1SHPNAO",
    "reference": "s/n",
    "detail": "s/n",
    "category": 7,
    "exemplar": 2,
    "stock_maximum": 33,
    "stock_minimum": 1,
    "price": "10.00",
    "pvp": "11.20",
    "image": "",
    "stock": 0
  }
},
{
  "model": "pos.product",
  "pk": 54,
  "fields": {
    "name": "Desodorante Original Dove x 85 Ml",
    "code": "EWÑMO9BAZ5",
    "reference": "s/n",
    "detail": "s/n",
    "category": 8,
    "exemplar": 2,
    "stock_maximum": 72,
    "stock_minimum": 1,
    "price": "3.00",
    "pvp": "3.36",
    "image": "",
    "stock": 0
  }
},
{
  "model": "pos.product",
  "pk": 55,
  "fields": {
    "name": "Desodorante Anititranspirante Roll On Sensitive Rexona x 85 Ml",
    "code": "BSZPMDJI5O",
    "reference": "s/n",
    "detail": "s/n",
    "category": 7,
    "exemplar": 2,
    "stock_maximum": 98,
    "stock_minimum": 1,
    "price": "3.00",
    "pvp": "3.36",
    "image": "",
    "stock": 18
  }
},
{
  "model": "pos.product",
  "pk": 56,
  "fields": {
    "name": "Desodorante Antitranspirante Roll On Invisible Rexona x 50 Gr",
    "code": "AC9MRMAGFP",
    "reference": "s/n",
    "detail": "s/n",
    "category": 7,
    "exemplar": 2,
    "stock_maximum": 100,
    "stock_minimum": 1,
    "price": "5.00",
    "pvp": "5.60",
    "image": "",
    "stock": 20
  }
},
{
  "model": "pos.product",
  "pk": 57,
  "fields": {
    "name": "Desodorante Antitranspirante Roll On V8 Rexona x 50 Ml",
    "code": "SJ88YG4VUW",
    "reference": "s/n",
    "detail": "s/n",
    "category": 7,
    "exemplar": 2,
    "stock_maximum": 23,
    "stock_minimum": 1,
    "price": "1.00",
    "pvp": "1.12",
    "image": "",
    "stock": 14
  }
},
{
  "model": "pos.product",
  "pk": 58,
  "fields": {
    "name": "Desodorante Cotton Rexona x 85 Ml",
    "code": "QC3QE5LFDÑ",
    "reference": "s/n",
    "detail": "s/n",
    "category": 7,
    "exemplar": 2,
    "stock_maximum": 86,
    "stock_minimum": 1,
    "price": "5.00",
    "pvp": "5.60",
    "image": "",
    "stock": 46
  }
},
{
  "model": "pos.product",
  "pk": 59,
  "fields": {
    "name": "Antitranspirante Comprimido Active Emotion Rexona x 85 Ml",
    "code": "7A1IT6GOEM",
    "reference": "s/n",
    "detail": "s/n",
    "category": 7,
    "exemplar": 2,
    "stock_maximum": 45,
    "stock_minimum": 1,
    "price": "3.00",
    "pvp": "3.36",
    "image": "",
    "stock": 4
  }
},
{
  "model": "pos.product",
  "pk": 60,
  "fields": {
    "name": "Chicles Menta Blister Beldent x 10 Gr",
    "code": "WH92GADBHX",
    "reference": "s/n",
    "detail": "s/n",
    "category": 31,
    "exemplar": 2,
    "stock_maximum": 96,
    "stock_minimum": 1,
    "price": "2.00",
    "pvp": "2.24",
    "image": "",
    "stock": 7
  }
},
{
  "model": "pos.product",
  "pk": 61,
  "fields": {
    "name": "Chicles Menta Blister Beldent x 10 Gr",
    "code": "C1VHKHGGIÑ",
    "reference": "s/n",
    "detail": "s/n",
    "category": 31,
    "exemplar": 2,
    "stock_maximum": 82,
    "stock_minimum": 1,
    "price": "1.00",
    "pvp": "1.12",
    "image": "",
    "stock": 0
  }
},
{
  "model": "pos.product",
  "pk": 62,
  "fields": {
    "name": "Chicles Globo Blister Beldent x 10 Gr",
    "code": "ÑÑ6O5JSOB4",
    "reference": "s/n",
    "detail": "s/n",
    "category": 31,
    "exemplar": 2,
    "stock_maximum": 40,
    "stock_minimum": 1,
    "price": "8.00",
    "pvp": "8.96",
    "image": "",
    "stock": 4
  }
},
{
  "model": "pos.product",
  "pk": 63,
  "fields": {
    "name": "Mentho-Plus Free Crerry Arcor x 27 Gr",
    "code": "DHVOA2PADX",
    "reference": "s/n",
    "detail": "s/n",
    "category": 32,
    "exemplar": 2,
    "stock_maximum": 11,
    "stock_minimum": 1,
    "price": "7.00",
    "pvp": "7.84",
    "image": "",
    "stock": 4
  }
},
{
  "model": "pos.product",
  "pk": 64,
  "fields": {
    "name": "Caramelos Sabor Mentol Zero Menthoplus x 27,3",
    "code": "9YYXAEMC4U",
    "reference": "s/n",
    "detail": "s/n",
    "category": 32,
    "exemplar": 2,
    "stock_maximum": 52,
    "stock_minimum": 1,
    "price": "3.00",
    "pvp": "3.36",
    "image": "",
    "stock": 3
  }
},
{
  "model": "pos.product",
  "pk": 65,
  "fields": {
    "name": "Chicles Seven Frutilla Paquete Top Line x 14.7 Gr",
    "code": "BJG9F0JJT5",
    "reference": "s/n",
    "detail": "s/n",
    "category": 27,
    "exemplar": 2,
    "stock_maximum": 94,
    "stock_minimum": 1,
    "price": "4.00",
    "pvp": "4.48",
    "image": "",
    "stock": 0
  }
},
{
  "model": "pos.product",
  "pk": 66,
  "fields": {
    "name": "Postre Sabor Dulce de Leche Danette Pack 2 Un x 190 Gr",
    "code": "5UFMGGÑ2WM",
    "reference": "s/n",
    "detail": "s/n",
    "category": 33,
    "exemplar": 2,
    "stock_maximum": 81,
    "stock_minimum": 1,
    "price": "8.00",
    "pvp": "8.96",
    "image": "",
    "stock": 3
  }
},
{
  "model": "pos.product",
  "pk": 67,
  "fields": {
    "name": "Postre Sabor Chocolate Danette Pack 2 Un x 190 Gr",
    "code": "IBRMPCX6CF",
    "reference": "s/n",
    "detail": "s/n",
    "category": 33,
    "exemplar": 2,
    "stock_maximum": 44,
    "stock_minimum": 1,
    "price": "4.00",
    "pvp": "4.48",
    "image": "",
    "stock": 0
  }
},
{
  "model": "pos.product",
  "pk": 68,
  "fields": {
    "name": "Chocolate con Mani Block Cofler x 38 Gr",
    "code": "93RMAWFAHC",
    "reference": "s/n",
    "detail": "s/n",
    "category": 21,
    "exemplar": 2,
    "stock_maximum": 74,
    "stock_minimum": 1,
    "price": "4.00",
    "pvp": "4.48",
    "image": "",
    "stock": 0
  }
},
{
  "model": "pos.product",
  "pk": 69,
  "fields": {
    "name": "Sal Fina en Salero Celusal x 250 Gr",
    "code": "7LU0PUADGZ",
    "reference": "s/n",
    "detail": "s/n",
    "category": 34,
    "exemplar": 2,
    "stock_maximum": 85,
    "stock_minimum": 1,
    "price": "8.00",
    "pvp": "8.96",
    "image": "",
    "stock": 2
  }
},
{
  "model": "pos.product",
  "pk": 70,
  "fields": {
    "name": "Pomada para zapatos Negro Lata Wassington x 60 Gr",
    "code": "81RHNMQWCH",
    "reference": "s/n",
    "detail": "s/n",
    "category": 35,
    "exemplar": 2,
    "stock_maximum": 72,
    "stock_minimum": 1,
    "price": "5.00",
    "pvp": "5.60",
    "image": "",
    "stock": 0
  }
},
{
  "model": "pos.product",
  "pk": 71,
  "fields": {
    "name": "Pomada para zapatos Marron en Lata Wassington x 60 Gr",
    "code": "74NÑV4Z30Z",
    "reference": "s/n",
    "detail": "s/n",
    "category": 35,
    "exemplar": 2,
    "stock_maximum": 46,
    "stock_minimum": 1,
    "price": "3.00",
    "pvp": "3.36",
    "image": "",
    "stock": 0
  }
},
{
  "model": "pos.product",
  "pk": 72,
  "fields": {
    "name": "Pomada para zapatos en lata Wassington x 60 Cc",
    "code": "IMÑ102UOLA",
    "reference": "s/n",
    "detail": "s/n",
    "category": 35,
    "exemplar": 2,
    "stock_maximum": 20,
    "stock_minimum": 1,
    "price": "1.00",
    "pvp": "1.12",
    "image": "",
    "stock": 49
  }
},
{
  "model": "pos.product",
  "pk": 73,
  "fields": {
    "name": "Flan Sabor Vainilla con Caramelo Sancorito x 110 Gr",
    "code": "VOL3FI4OWO",
    "reference": "s/n",
    "detail": "s/n",
    "category": 36,
    "exemplar": 2,
    "stock_maximum": 54,
    "stock_minimum": 1,
    "price": "5.00",
    "pvp": "5.60",
    "image": "",
    "stock": 0
  }
},
{
  "model": "pos.product",
  "pk": 74,
  "fields": {
    "name": "Semillas de Girasol Pipas x 18 Gr",
    "code": "01X875LECN",
    "reference": "s/n",
    "detail": "s/n",
    "category": 37,
    "exemplar": 2,
    "stock_maximum": 29,
    "stock_minimum": 1,
    "price": "6.00",
    "pvp": "6.72",
    "image": "",
    "stock": 27
  }
},
{
  "model": "pos.product",
  "pk": 75,
  "fields": {
    "name": "QUITAESMALTE FORTALECEDOR UNIQUIT X 120 CC",
    "code": "EAQOYC0WRM",
    "reference": "s/n",
    "detail": "s/n",
    "category": 38,
    "exemplar": 2,
    "stock_maximum": 36,
    "stock_minimum": 1,
    "price": "4.00",
    "pvp": "4.48",
    "image": "",
    "stock": 2
  }
},
{
  "model": "pos.product",
  "pk": 76,
  "fields": {
    "name": "Tableta de Chocolate sin Azucar Libre de Gluten Mapsa X 100 Gr",
    "code": "XCRUÑZSBX2",
    "reference": "s/n",
    "detail": "s/n",
    "category": 39,
    "exemplar": 2,
    "stock_maximum": 28,
    "stock_minimum": 1,
    "price": "10.00",
    "pvp": "11.20",
    "image": "",
    "stock": 0
  }
},
{
  "model": "pos.product",
  "pk": 77,
  "fields": {
    "name": "Tableta de Chocolate con Mani Biznikke x 30 Gr",
    "code": "CB49NRZGÑ4",
    "reference": "s/n",
    "detail": "s/n",
    "category": 40,
    "exemplar": 2,
    "stock_maximum": 57,
    "stock_minimum": 1,
    "price": "4.00",
    "pvp": "4.48",
    "image": "",
    "stock": 6
  }
},
{
  "model": "pos.product",
  "pk": 78,
  "fields": {
    "name": "Tableta de Dulce de Leche Vauquita Tableta x 25 Gr",
    "code": "Z2AC9FWRUK",
    "reference": "s/n",
    "detail": "s/n",
    "category": 25,
    "exemplar": 2,
    "stock_maximum": 45,
    "stock_minimum": 1,
    "price": "3.00",
    "pvp": "3.36",
    "image": "",
    "stock": 0
  }
},
{
  "model": "pos.product",
  "pk": 79,
  "fields": {
    "name": "Alfajor con BanÌƒo de Chocolate Blanco Guaymallen x 38 Gr",
    "code": "VUTPF3XLLJ",
    "reference": "s/n",
    "detail": "s/n",
    "category": 41,
    "exemplar": 2,
    "stock_maximum": 70,
    "stock_minimum": 1,
    "price": "7.00",
    "pvp": "7.84",
    "image": "",
    "stock": 2
  }
},
{
  "model": "pos.product",
  "pk": 80,
  "fields": {
    "name": "Alfajor con BanÌƒo de Chocolate Guaymallen x 38 Gr",
    "code": "O47TFZ7KN8",
    "reference": "s/n",
    "detail": "s/n",
    "category": 41,
    "exemplar": 2,
    "stock_maximum": 74,
    "stock_minimum": 1,
    "price": "3.00",
    "pvp": "3.36",
    "image": "",
    "stock": 0
  }
},
{
  "model": "pos.purchase",
  "pk": 5,
  "fields": {
    "provider": 1,
    "sucursal": 2,
    "payment_condition": "contado",
    "date_joined": "2021-10-27",
    "end_credit": "2021-10-27",
    "subtotal": "40.00"
  }
},
{
  "model": "pos.purchasedetail",
  "pk": 1,
  "fields": {
    "date_joined": "2021-10-27",
    "purchase": 5,
    "product": 27,
    "sucursal": 2,
    "cant": 1,
    "serie": "DEXDRVJ4W5",
    "price": "10.00",
    "dscto": "0.00",
    "subtotal": "10.00",
    "state": true
  }
},
{
  "model": "pos.purchasedetail",
  "pk": 2,
  "fields": {
    "date_joined": "2021-10-27",
    "purchase": 5,
    "product": 28,
    "sucursal": 2,
    "cant": 1,
    "serie": "DA5EMZQE5U",
    "price": "10.00",
    "dscto": "0.00",
    "subtotal": "10.00",
    "state": true
  }
},
{
  "model": "pos.purchasedetail",
  "pk": 3,
  "fields": {
    "date_joined": "2021-10-27",
    "purchase": 5,
    "product": 28,
    "sucursal": 2,
    "cant": 1,
    "serie": "1CYVCNXF4T",
    "price": "10.00",
    "dscto": "0.00",
    "subtotal": "10.00",
    "state": true
  }
},
{
  "model": "pos.purchasedetail",
  "pk": 4,
  "fields": {
    "date_joined": "2021-10-27",
    "purchase": 5,
    "product": 28,
    "sucursal": 2,
    "cant": 1,
    "serie": "7X7TX5CIFW",
    "price": "10.00",
    "dscto": "0.00",
    "subtotal": "10.00",
    "state": true
  }
},
{
  "model": "pos.client",
  "pk": 1,
  "fields": {
    "user": 2,
    "mobile": "0979014553",
    "birthdate": "2021-10-27",
    "address": "Milagro, cdla. Dager avda tumbez y zamora"
  }
}
]
